노선명,역명,총 승차승객수,총 하차승객수
1호선,동대문,11799.548387096775,11316.258064516129
1호선,동묘앞,9605.967741935483,9791.870967741936
1호선,서울역,70805.2258064516,66563.41935483871
1호선,시청,25204.451612903227,25522.354838709678
1호선,신설동,13474.838709677419,12999.483870967742
1호선,제기동,15449.064516129032,15859.322580645161
1호선,종각,39239.32258064516,37801.903225806454
1호선,종로3가,24490.774193548386,22402.064516129034
1호선,종로5가,22944.645161290322,22306.645161290322
1호선,청량리(서울시립대입구),22754.1935483871,22548.322580645163
2호선,강남,79424.51612903226,77120.45161290323
2호선,강변(동서울터미널),25977.225806451614,23662.74193548387
2호선,건대입구,36462.0,38095.6129032258
2호선,교대(법원.검찰청),28309.74193548387,33698.6129032258
2호선,구로디지털단지,53840.8064516129,53373.93548387097
2호선,구의(광진구청),26735.322580645163,26360.1935483871
2호선,낙성대(강감찬),26298.483870967742,25625.41935483871
2호선,당산,16953.548387096773,19108.58064516129
2호선,대림(구로구청),23070.870967741936,23564.90322580645
2호선,도림천,1268.1612903225807,1363.9032258064517
2호선,동대문역사문화공원(DDP),14207.09677419355,16207.032258064517
2호선,뚝섬,22675.225806451614,23905.129032258064
2호선,문래,21776.451612903227,22494.032258064515
2호선,방배,14428.064516129032,14786.677419354839
2호선,봉천,23209.8064516129,22083.451612903227
2호선,사당,40569.1935483871,43670.87096774193
2호선,삼성(무역센터),51591.83870967742,50770.58064516129
2호선,상왕십리,13490.09677419355,13401.032258064517
2호선,서울대입구(관악구청),43766.903225806454,42303.354838709674
2호선,서초,20362.774193548386,19846.129032258064
2호선,선릉,52545.22580645161,45890.25806451613
2호선,성수,50217.645161290326,53283.25806451613
2호선,시청,25124.41935483871,23224.1935483871
2호선,신답,1600.3548387096773,1792.3548387096773
2호선,신당,14475.806451612903,15170.516129032258
2호선,신대방,23481.483870967742,22667.1935483871
2호선,신도림,46065.1935483871,44319.22580645161
2호선,신림,52826.903225806454,51981.83870967742
2호선,신설동,3948.0967741935483,3951.0967741935483
2호선,신정네거리,9629.032258064517,9947.322580645161
2호선,신촌,36045.67741935484,36009.58064516129
2호선,아현,10256.451612903225,9698.322580645161
2호선,양천구청,6383.774193548387,6712.1612903225805
2호선,역삼,46969.22580645161,52088.54838709677
2호선,영등포구청,21854.032258064515,22444.354838709678
2호선,왕십리(성동구청),15178.161290322581,14089.258064516129
2호선,용답,2705.451612903226,2681.6451612903224
2호선,용두(동대문구청),2265.7096774193546,2246.935483870968
2호선,을지로3가,23968.612903225807,24221.387096774193
2호선,을지로4가,13600.612903225807,13353.41935483871
2호선,을지로입구,48932.354838709674,50236.0
2호선,이대,14699.870967741936,15665.41935483871
2호선,잠실(송파구청),77418.48387096774,74731.54838709677
2호선,잠실나루,13418.41935483871,12981.0
2호선,잠실새내,22272.677419354837,21946.354838709678
2호선,종합운동장,7925.645161290323,8690.09677419355
2호선,충정로(경기대입구),9624.225806451614,10273.548387096775
2호선,한양대,8221.677419354839,8669.967741935483
2호선,합정,31082.870967741936,33765.54838709677
2호선,홍대입구,71351.29032258065,74893.51612903226
3호선,가락시장,8707.612903225807,8549.90322580645
3호선,경복궁(정부서울청사),22765.58064516129,22347.935483870966
3호선,경찰병원,7069.1612903225805,7126.741935483871
3호선,고속터미널,49960.93548387097,47255.16129032258
3호선,교대(법원.검찰청),15575.290322580646,8806.612903225807
3호선,구파발,20587.09677419355,19983.483870967742
3호선,금호,7656.580645161291,7227.967741935484
3호선,남부터미널(예술의전당),30118.064516129034,30008.387096774193
3호선,녹번,14028.838709677419,12988.483870967742
3호선,대청,9729.548387096775,9233.58064516129
3호선,대치,12936.90322580645,12385.967741935483
3호선,도곡,5469.806451612903,5431.5161290322585
3호선,독립문,7252.870967741936,7464.8387096774195
3호선,동대입구,9637.387096774193,10467.741935483871
3호선,매봉,11797.838709677419,11294.838709677419
3호선,무악재,3989.0967741935483,3939.2580645161293
3호선,불광,15362.193548387097,16503.645161290322
3호선,수서,17933.8064516129,17586.451612903227
3호선,신사,26308.548387096773,27307.322580645163
3호선,안국,23322.0,24045.74193548387
3호선,압구정,29692.612903225807,31563.25806451613
3호선,약수,12007.322580645161,11740.741935483871
3호선,양재(서초구청),34901.12903225807,36652.709677419356
3호선,연신내,35054.6129032258,33631.1935483871
3호선,오금,6020.064516129032,5512.387096774193
3호선,옥수,8435.870967741936,8691.193548387097
3호선,을지로3가,12301.258064516129,11842.677419354839
3호선,일원,10441.516129032258,10283.58064516129
3호선,잠원,6679.967741935484,6488.645161290323
3호선,종로3가,10282.193548387097,11519.0
3호선,지축,6848.322580645161,6904.5161290322585
3호선,충무로,4.903225806451613,0.0
3호선,학여울,2018.5806451612902,2036.9354838709678
3호선,홍제,17148.516129032258,16477.25806451613
4호선,길음,19871.709677419356,19518.1935483871
4호선,남태령,1302.0,1052.967741935484
4호선,노원,19454.16129032258,21722.90322580645
4호선,동대문,17693.1935483871,18444.612903225807
4호선,동대문역사문화공원(DDP),19098.032258064515,16669.09677419355
4호선,동작(현충원),1624.9354838709678,1659.6451612903227
4호선,명동,33392.87096774193,35397.93548387097
4호선,미아(서울사이버대학),14795.09677419355,14290.774193548386
4호선,미아사거리,24895.451612903227,24768.387096774193
4호선,불암산,8868.838709677419,7749.709677419355
4호선,사당,24671.870967741936,22212.774193548386
4호선,삼각지(전쟁기념관),6786.4838709677415,7939.129032258064
4호선,상계,17911.967741935485,16914.58064516129
4호선,서울역,11670.451612903225,21784.290322580644
4호선,성신여대입구(돈암),21040.25806451613,20408.483870967742
4호선,수유(강북구청),32141.387096774193,32542.25806451613
4호선,숙대입구(갈월),13728.032258064517,13578.064516129032
4호선,신용산,21766.25806451613,23467.290322580644
4호선,쌍문,27385.064516129034,25461.935483870966
4호선,이촌(국립중앙박물관),11043.645161290322,11672.258064516129
4호선,창동,25994.8064516129,27190.451612903227
4호선,총신대입구(이수),18537.774193548386,20055.83870967742
4호선,충무로,27460.25806451613,28396.58064516129
4호선,한성대입구(삼선교),12867.258064516129,12504.774193548386
4호선,혜화,35989.32258064516,35989.354838709674
4호선,회현(남대문시장),25996.09677419355,27259.129032258064
5호선,강동,17943.322580645163,17365.1935483871
5호선,강일,5665.8387096774195,5288.096774193548
5호선,개롱,5992.064516129032,6271.677419354839
5호선,개화산,5717.258064516129,5501.0
5호선,거여,9369.967741935483,9249.645161290322
5호선,고덕,9639.516129032258,9539.58064516129
5호선,공덕,13411.064516129032,14034.774193548386
5호선,광나루(장신대),10239.645161290322,9849.0
5호선,광화문(세종문화회관),31992.774193548386,33048.967741935485
5호선,군자(능동),11607.225806451614,12942.870967741936
5호선,굽은다리(강동구민회관앞),9558.516129032258,9153.322580645161
5호선,길동,8857.387096774193,9069.645161290322
5호선,김포공항,13222.032258064517,8277.677419354839
5호선,까치산,26212.032258064515,25383.516129032258
5호선,답십리,15072.290322580646,13698.290322580646
5호선,동대문역사문화공원(DDP),2981.2258064516127,3367.451612903226
5호선,둔촌동,12730.290322580646,12581.645161290322
5호선,마곡,15364.58064516129,15258.806451612903
5호선,마장,5424.741935483871,5153.193548387097
5호선,마천,6709.258064516129,6132.4838709677415
5호선,마포,13975.516129032258,14240.741935483871
5호선,명일,7708.903225806452,7724.0
5호선,목동,15406.806451612903,16692.870967741936
5호선,미사,17251.548387096773,17347.58064516129
5호선,발산,22862.612903225807,23478.41935483871
5호선,방이,7446.4838709677415,7554.032258064516
5호선,방화,6574.064516129032,6385.032258064516
5호선,상일동,13594.838709677419,13192.483870967742
5호선,서대문,17164.451612903227,17285.516129032258
5호선,송정,5931.677419354839,5693.806451612903
5호선,신금호,5749.580645161291,6143.645161290323
5호선,신길,4653.096774193548,4926.645161290323
5호선,신정(은행정),12680.258064516129,10679.129032258064
5호선,아차산(어린이대공원후문),13721.741935483871,13556.0
5호선,애오개,6458.322580645161,6339.419354838709
5호선,양평,7756.322580645161,7679.032258064516
5호선,여의나루,9711.064516129032,11212.129032258064
5호선,여의도,27227.83870967742,28269.290322580644
5호선,영등포구청,4648.580645161291,4565.290322580645
5호선,영등포시장,11739.709677419354,11810.677419354839
5호선,오금,3403.2580645161293,3447.9032258064517
5호선,오목교(목동운동장앞),20459.322580645163,21458.677419354837
5호선,올림픽공원(한국체대),4817.225806451613,4276.1612903225805
5호선,왕십리(성동구청),4539.8387096774195,5174.1612903225805
5호선,우장산,13727.064516129032,13893.677419354839
5호선,을지로4가,6023.225806451613,6047.8387096774195
5호선,장한평,18857.16129032258,18740.516129032258
5호선,종로3가,14232.709677419354,14238.032258064517
5호선,천호(풍납토성),20211.451612903227,19232.064516129034
5호선,청구,3207.5806451612902,3078.032258064516
5호선,충정로(경기대입구),4612.645161290323,4676.645161290323
5호선,하남검단산,6281.580645161291,5960.419354838709
5호선,하남시청(덕풍·신장),8090.419354838709,7681.419354838709
5호선,하남풍산,4331.225806451613,4326.451612903225
5호선,행당,7475.5161290322585,6733.677419354839
5호선,화곡,27024.25806451613,25400.709677419356
6호선,고려대(종암),7733.903225806452,7444.064516129032
6호선,공덕,17777.1935483871,17231.74193548387
6호선,광흥창(서강),8827.516129032258,8481.0
6호선,구산,7704.225806451613,6321.967741935484
6호선,녹사평(용산구청),4957.354838709677,5118.870967741936
6호선,대흥(서강대앞),8460.290322580646,8839.290322580646
6호선,독바위,2467.3548387096776,2616.2258064516127
6호선,돌곶이,11082.967741935483,10374.58064516129
6호선,동묘앞,8792.612903225807,8792.548387096775
6호선,디지털미디어시티,13273.41935483871,14386.41935483871
6호선,마포구청,13690.516129032258,12636.58064516129
6호선,망원,16064.774193548386,17101.83870967742
6호선,버티고개,2100.548387096774,2108.8387096774195
6호선,보문,7484.064516129032,7035.677419354839
6호선,봉화산(서울의료원),7814.935483870968,7391.064516129032
6호선,불광,4640.258064516129,4116.451612903225
6호선,삼각지(전쟁기념관),7046.5161290322585,6490.129032258064
6호선,상수,10107.032258064517,11125.161290322581
6호선,상월곡(한국과학기술연구원),5844.935483870968,5240.032258064516
6호선,새절(신사),11712.548387096775,11147.709677419354
6호선,석계,11200.161290322581,11625.09677419355
6호선,신내,1.1290322580645162,0.0
6호선,신당,8315.709677419354,8373.225806451614
6호선,안암(고대병원앞),10685.483870967742,10479.774193548386
6호선,약수,3459.6774193548385,3399.548387096774
6호선,역촌,3755.5806451612902,4316.580645161291
6호선,연신내,1.5806451612903225,0.0
6호선,월곡(동덕여대),10535.09677419355,10335.322580645161
6호선,월드컵경기장(성산),3919.967741935484,3986.7096774193546
6호선,응암,16764.387096774193,16707.16129032258
6호선,이태원,11410.516129032258,12521.451612903225
6호선,증산(명지대앞),8746.064516129032,8704.064516129032
6호선,창신,3209.2258064516127,2672.2580645161293
6호선,청구,3541.935483870968,3513.548387096774
6호선,태릉입구,5436.451612903225,5660.8387096774195
6호선,한강진,8970.387096774193,10580.193548387097
6호선,합정,12994.0,12887.41935483871
6호선,화랑대(서울여대입구),9746.354838709678,8206.193548387097
6호선,효창공원앞,7018.709677419355,6370.419354838709
7호선,가산디지털단지,38780.25806451613,38442.87096774193
7호선,강남구청,15039.225806451614,16652.032258064515
7호선,건대입구,13432.677419354839,13881.612903225807
7호선,고속터미널,17632.709677419356,14534.387096774193
7호선,공릉(서울과학기술대),11476.225806451614,11409.612903225807
7호선,광명사거리,20851.709677419356,20757.870967741936
7호선,군자(능동),14783.677419354839,11758.129032258064
7호선,남구로,13950.354838709678,14702.709677419354
7호선,남성,10371.322580645161,10024.645161290322
7호선,내방,13867.032258064517,13936.0
7호선,노원,19856.387096774193,20586.483870967742
7호선,논현,17608.290322580644,18583.516129032258
7호선,대림(구로구청),9020.354838709678,9011.0
7호선,도봉산,7729.806451612903,9031.09677419355
7호선,마들,12403.161290322581,11849.58064516129
7호선,먹골,9692.0,9702.258064516129
7호선,면목,13619.193548387097,13243.322580645161
7호선,반포,6300.193548387097,6037.967741935484
7호선,보라매,6210.806451612903,6446.806451612903
7호선,사가정,14981.032258064517,15094.516129032258
7호선,상도,11115.741935483871,10726.645161290322
7호선,상봉,17461.709677419356,16921.677419354837
7호선,수락산,11491.290322580646,11563.193548387097
7호선,숭실대입구(살피재),11509.935483870968,11596.41935483871
7호선,신대방삼거리,14132.483870967742,13798.387096774193
7호선,신풍,11289.354838709678,10752.354838709678
7호선,어린이대공원(세종대),12944.483870967742,12793.935483870968
7호선,온수(성공회대입구),8314.258064516129,7614.645161290323
7호선,용마산(용마폭포공원),5398.967741935484,5397.1612903225805
7호선,이수,16306.483870967742,15826.032258064517
7호선,자양(뚝섬한강공원),8009.096774193548,7903.225806451613
7호선,장승배기,9205.064516129032,9017.645161290322
7호선,장암,2381.2580645161293,994.1612903225806
7호선,중계,13391.161290322581,12437.258064516129
7호선,중곡,10284.516129032258,9874.354838709678
7호선,중화,10318.967741935483,10284.612903225807
7호선,천왕,10634.967741935483,10344.645161290322
7호선,철산,20992.709677419356,21492.25806451613
7호선,청담,16933.290322580644,18277.290322580644
7호선,태릉입구,7807.677419354839,7337.935483870968
7호선,하계,16658.290322580644,15646.483870967742
7호선,학동,21108.645161290322,21862.516129032258
8호선,가락시장,8403.935483870968,9133.290322580646
8호선,강동구청,10139.41935483871,10431.58064516129
8호선,남위례,7070.387096774193,6996.1612903225805
8호선,남한산성입구(성남법원.검찰청),11284.354838709678,10103.677419354839
8호선,단대오거리,10967.09677419355,10728.387096774193
8호선,모란,4874.774193548387,3928.451612903226
8호선,몽촌토성(평화의문),7358.1612903225805,7635.935483870968
8호선,문정,21213.8064516129,21995.354838709678
8호선,복정,8688.741935483871,7412.677419354839
8호선,산성,5674.419354838709,5780.870967741936
8호선,석촌,8945.193548387097,10074.548387096775
8호선,송파,9442.483870967742,9425.612903225807
8호선,수진,5217.870967741936,4825.741935483871
8호선,신흥,5220.8387096774195,5331.870967741936
8호선,암사,15138.967741935483,14208.483870967742
8호선,암사역사공원,6246.258064516129,5497.129032258064
8호선,잠실(송파구청),20260.25806451613,22905.677419354837
8호선,장지,16393.483870967742,15301.193548387097
8호선,천호(풍납토성),17434.516129032258,19833.129032258064
9호선,가양,20625.709677419356,20330.83870967742
9호선,개화,2232.451612903226,1525.7096774193549
9호선,고속터미널,14468.41935483871,20139.09677419355
9호선,공항시장,2626.516129032258,2867.0
9호선,구반포,1981.741935483871,1782.7096774193549
9호선,국회의사당,16401.8064516129,16471.870967741936
9호선,김포공항,5968.580645161291,11110.0
9호선,노들,4548.806451612903,3851.8387096774195
9호선,노량진,26278.967741935485,26078.516129032258
9호선,당산,18316.83870967742,17743.41935483871
9호선,동작(현충원),1993.258064516129,1754.0967741935483
9호선,등촌,12055.645161290322,11838.90322580645
9호선,마곡나루(서울식물원),14362.09677419355,13903.612903225807
9호선,사평,3864.483870967742,3791.8064516129034
9호선,샛강,6135.4838709677415,6088.741935483871
9호선,선유도,8607.451612903225,7991.354838709677
9호선,신논현,30828.354838709678,31625.387096774193
9호선,신목동,4203.870967741936,3788.548387096774
9호선,신반포,4472.354838709677,4316.451612903225
9호선,신방화,6538.290322580645,6458.8387096774195
9호선,양천향교,10141.322580645161,10356.09677419355
9호선,여의도,28572.83870967742,27160.90322580645
9호선,염창,16987.322580645163,16310.322580645161
9호선,증미,7435.225806451613,7241.129032258064
9호선,흑석(중앙대입구),8500.709677419354,8650.548387096775
9호선2~3단계,둔촌오륜,4204.258064516129,4169.419354838709
9호선2~3단계,봉은사,20788.612903225807,21998.354838709678
9호선2~3단계,삼성중앙,7463.322580645161,7766.451612903225
9호선2~3단계,삼전,8366.064516129032,8000.354838709677
9호선2~3단계,석촌,9383.935483870968,8518.225806451614
9호선2~3단계,석촌고분,7380.935483870968,7241.806451612903
9호선2~3단계,선정릉,9275.0,9988.806451612903
9호선2~3단계,송파나루,6118.258064516129,6517.774193548387
9호선2~3단계,언주,11177.935483870968,11303.451612903225
9호선2~3단계,올림픽공원(한국체대),8358.225806451614,8328.258064516129
9호선2~3단계,종합운동장,5230.1612903225805,5116.774193548387
9호선2~3단계,중앙보훈병원,11577.193548387097,10024.90322580645
9호선2~3단계,한성백제,3160.4193548387098,2837.6774193548385
경강선,경기광주,7317.419354838709,7058.967741935484
경강선,곤지암,2091.2903225806454,2003.3548387096773
경강선,부발,2259.1935483870966,2155.3225806451615
경강선,삼동,2103.8709677419356,2022.0645161290322
경강선,성남,1250.4193548387098,1129.032258064516
경강선,세종대왕릉,298.06451612903226,290.19354838709677
경강선,신둔도예촌,1323.483870967742,1254.1290322580646
경강선,여주,2734.451612903226,2655.0
경강선,이매,914.3548387096774,822.5483870967741
경강선,이천,2760.1935483870966,2903.7096774193546
경강선,초월,3391.6129032258063,3166.7096774193546
경강선,판교,5559.4838709677415,5364.645161290323
경부선,가산디지털단지,14738.193548387097,17262.516129032258
경부선,관악,6396.225806451613,6254.064516129032
경부선,광명,3596.3548387096776,3005.6129032258063
경부선,구로,15761.225806451614,15962.0
경부선,군포,6011.096774193548,5874.0
경부선,금정,25758.41935483871,26179.354838709678
경부선,금천구청,9838.709677419354,10039.838709677419
경부선,남영,8647.677419354839,8978.967741935483
경부선,노량진,8646.612903225807,8779.258064516129
경부선,당정,5278.322580645161,5044.5161290322585
경부선,대방,9195.806451612903,10288.354838709678
경부선,독산,14798.0,15047.741935483871
경부선,두정,6377.5161290322585,6478.1612903225805
경부선,명학,7262.096774193548,7118.129032258064
경부선,병점,13511.709677419354,13473.645161290322
경부선,서동탄,1294.0967741935483,1095.6774193548388
경부선,서울역,11227.967741935483,3949.3548387096776
경부선,서정리,7610.258064516129,7247.1612903225805
경부선,석수,7303.064516129032,6747.774193548387
경부선,성균관대,13680.774193548386,13465.225806451614
경부선,성환,3455.8709677419356,3370.9032258064517
경부선,세류,3199.9032258064517,2998.1612903225805
경부선,세마,3056.6774193548385,2904.5806451612902
경부선,송탄,3996.8709677419356,3923.2580645161293
경부선,수원,37164.48387096774,38722.41935483871
경부선,신길,7862.387096774193,6967.1612903225805
경부선,신도림,3464.0967741935483,3782.7419354838707
경부선,안양,20051.8064516129,19820.58064516129
경부선,영등포,42038.22580645161,42310.77419354839
경부선,오산,9647.483870967742,9637.806451612903
경부선,오산대,3345.0967741935483,3072.0
경부선,용산,46516.54838709677,46609.83870967742
경부선,의왕,8107.967741935484,7995.4838709677415
경부선,직산,919.1290322580645,896.8387096774194
경부선,진위,1423.225806451613,1291.258064516129
경부선,천안,5776.709677419355,5865.225806451613
경부선,평택,11842.58064516129,11608.548387096775
경부선,평택지제,4131.774193548387,3861.8387096774195
경부선,화서,10407.741935483871,10176.064516129032
경원선,가능,5693.1612903225805,5502.774193548387
경원선,광운대,7246.967741935484,6951.258064516129
경원선,녹양,3872.935483870968,3714.2258064516127
경원선,녹천,4000.7741935483873,3416.1290322580644
경원선,덕계,5593.774193548387,5252.5161290322585
경원선,덕정,5198.096774193548,4909.645161290323
경원선,도봉,5359.774193548387,5136.741935483871
경원선,도봉산,6795.322580645161,4386.032258064516
경원선,동두천,1437.741935483871,1397.3225806451612
경원선,동두천중앙,2532.8709677419356,2438.0967741935483
경원선,망월사,6785.967741935484,6895.870967741936
경원선,방학,9337.161290322581,9154.451612903225
경원선,보산,1366.258064516129,1300.741935483871
경원선,서빙고,2105.2258064516127,2011.741935483871
경원선,석계,6777.290322580645,7320.612903225807
경원선,소요산,1547.5483870967741,1562.032258064516
경원선,신이문,7755.903225806452,7238.580645161291
경원선,양주,6192.419354838709,5971.096774193548
경원선,연천,850.7741935483871,809.1612903225806
경원선,옥수,48.516129032258064,32.0
경원선,왕십리(성동구청),15950.09677419355,16250.709677419354
경원선,외대앞,10201.258064516129,10000.09677419355
경원선,월계,5665.290322580645,5292.096774193548
경원선,응봉,1628.8064516129032,1417.0645161290322
경원선,의정부,17846.064516129034,18052.225806451614
경원선,이촌(국립중앙박물관),3714.8709677419356,3008.1612903225805
경원선,전곡,1113.6451612903227,1025.5483870967741
경원선,지행,5733.4838709677415,5750.258064516129
경원선,창동,4.645161290322581,0.0
경원선,청량리(서울시립대입구),17536.677419354837,17395.74193548387
경원선,청산,133.4516129032258,108.12903225806451
경원선,한남,3447.7741935483873,3444.451612903226
경원선,회룡,11964.129032258064,11706.193548387097
경의선,가좌,5609.322580645161,5482.580645161291
경의선,강매,2893.4193548387098,2475.1935483870966
경의선,검암,0.0967741935483871,0.0
경의선,계양,0.12903225806451613,0.0
경의선,곡산,473.2258064516129,493.0
경의선,공덕,4017.451612903226,3101.483870967742
경의선,금릉,4431.645161290323,4282.709677419355
경의선,금촌,5844.870967741936,5677.290322580645
경의선,김포공항,0.0967741935483871,0.0
경의선,능곡,3906.1612903225805,3755.1612903225805
경의선,디지털미디어시티,2388.1290322580644,2267.7741935483873
경의선,문산,5149.064516129032,4999.4838709677415
경의선,백마,6550.290322580645,6405.258064516129
경의선,서강대,1967.5806451612902,1945.8064516129032
경의선,서울역,2854.0967741935483,3677.548387096774
경의선,수색,2929.2580645161293,2979.8387096774195
경의선,신촌,865.8064516129032,1068.0
경의선,야당,7081.064516129032,7277.0
경의선,운정,6756.645161290323,6309.8387096774195
경의선,운천,5.419354838709677,4.290322580645161
경의선,월롱,1670.8709677419354,1453.032258064516
경의선,일산,9095.774193548386,8914.677419354839
경의선,임진강,13.806451612903226,11.161290322580646
경의선,탄현,6868.354838709677,6621.354838709677
경의선,파주,957.258064516129,791.3548387096774
경의선,풍산,5806.612903225807,5538.387096774193
경의선,한국항공대,1561.3225806451612,1429.8709677419354
경의선,행신,6802.5161290322585,6882.4838709677415
경의선,홍대입구,2181.9032258064517,2626.064516129032
경의선,효창공원앞,2890.6774193548385,3267.1612903225805
경인선,간석,5186.129032258064,4907.741935483871
경인선,개봉,20916.645161290322,20720.83870967742
경인선,구일,6512.225806451613,6689.645161290323
경인선,도원,2698.2580645161293,2740.8387096774195
경인선,도화,3502.8064516129034,3269.516129032258
경인선,동암,13873.838709677419,14005.774193548386
경인선,동인천,12095.064516129032,11377.322580645161
경인선,백운,6208.870967741936,6001.451612903225
경인선,부개,7555.129032258064,7109.419354838709
경인선,부천,29197.516129032258,29314.870967741936
경인선,부평,27791.064516129034,29122.709677419356
경인선,소사,7286.935483870968,6948.806451612903
경인선,송내,22845.354838709678,22429.225806451614
경인선,역곡,22701.25806451613,22772.612903225807
경인선,오류동,10562.90322580645,9954.225806451614
경인선,온수(성공회대입구),5339.387096774193,5084.354838709677
경인선,인천,3092.935483870968,2547.9032258064517
경인선,제물포,9109.967741935483,8746.774193548386
경인선,주안,16246.41935483871,14449.516129032258
경인선,중동,8199.41935483871,7688.967741935484
경춘선,가평,1669.4516129032259,1655.6129032258063
경춘선,갈매,2456.1612903225805,2217.3548387096776
경춘선,강촌,319.3225806451613,318.64516129032256
경춘선,굴봉산,87.3225806451613,118.09677419354838
경춘선,금곡,1419.6451612903227,1348.9354838709678
경춘선,김유정,338.4516129032258,328.51612903225805
경춘선,남춘천,2583.6451612903224,2635.4193548387098
경춘선,대성리,505.5806451612903,501.8709677419355
경춘선,마석,3552.2258064516127,3420.2258064516127
경춘선,백양리,352.2903225806452,300.2903225806452
경춘선,별내,2201.935483870968,1986.3870967741937
경춘선,사릉,1797.1935483870968,1755.7096774193549
경춘선,상천,202.67741935483872,182.32258064516128
경춘선,신내,2585.9032258064517,2447.2580645161293
경춘선,천마산,1399.4193548387098,1338.741935483871
경춘선,청평,1536.1935483870968,1475.5806451612902
경춘선,춘천,1267.741935483871,1085.1612903225807
경춘선,퇴계원,3034.8709677419356,2809.483870967742
경춘선,평내호평,5640.064516129032,5492.806451612903
공항철도 1호선,검암,5622.774193548387,5468.8387096774195
공항철도 1호선,계양,8351.741935483871,8390.516129032258
공항철도 1호선,공덕,2974.5806451612902,4028.4193548387098
공항철도 1호선,공항화물청사,1816.225806451613,2142.4193548387098
공항철도 1호선,김포공항,9758.290322580646,5097.032258064516
공항철도 1호선,디지털미디어시티,13338.935483870968,12475.870967741936
공항철도 1호선,마곡나루(서울식물원),13466.612903225807,12878.548387096775
공항철도 1호선,서울역,13079.322580645161,11877.709677419354
공항철도 1호선,영종,4234.8387096774195,4251.5161290322585
공항철도 1호선,운서,9463.322580645161,10107.032258064517
공항철도 1호선,인천공항1터미널,13776.451612903225,13544.064516129032
공항철도 1호선,인천공항2터미널,10118.258064516129,8402.225806451614
공항철도 1호선,청라국제도시,7059.225806451613,6780.8387096774195
공항철도 1호선,홍대입구,16019.806451612903,15059.870967741936
과천선,경마공원,5210.870967741936,5199.064516129032
과천선,과천,4825.354838709677,4499.1612903225805
과천선,대공원,2275.6451612903224,2346.451612903226
과천선,범계,26765.774193548386,26763.09677419355
과천선,선바위,6743.1612903225805,5888.354838709677
과천선,인덕원,23929.354838709678,24406.09677419355
과천선,정부과천청사,12178.290322580646,12775.90322580645
과천선,평촌,16244.967741935483,15843.161290322581
분당선,가천대,7159.225806451613,7256.1612903225805
분당선,강남구청,8865.161290322581,10229.709677419354
분당선,개포동,3944.6774193548385,4072.935483870968
분당선,구룡,3111.2580645161293,3087.451612903226
분당선,구성,6803.419354838709,6949.677419354839
분당선,기흥,9206.451612903225,8499.483870967742
분당선,대모산입구,5316.193548387097,5118.935483870968
분당선,도곡,6826.419354838709,6889.193548387097
분당선,망포,13663.483870967742,13214.709677419354
분당선,매교,4584.322580645161,4590.8387096774195
분당선,매탄권선,4805.290322580645,4716.548387096775
분당선,모란,18758.870967741936,19398.58064516129
분당선,미금,14213.258064516129,14622.741935483871
분당선,보정,2243.2258064516127,1994.2903225806451
분당선,복정,2.7096774193548385,0.0
분당선,상갈,4597.0,4405.967741935484
분당선,서울숲,10401.774193548386,10669.645161290322
분당선,서현,22671.548387096773,23041.032258064515
분당선,선릉,11730.290322580646,17579.870967741936
분당선,선정릉,6782.096774193548,6893.903225806452
분당선,수내,12451.741935483871,12386.225806451614
분당선,수서,16556.09677419355,17465.1935483871
분당선,수원,7508.064516129032,7213.032258064516
분당선,수원시청,13090.483870967742,14038.161290322581
분당선,신갈,4319.935483870968,4249.387096774193
분당선,압구정로데오,18455.1935483871,19809.0
분당선,야탑,23715.774193548386,24862.967741935485
분당선,영통,8318.483870967742,8233.838709677419
분당선,오리,10192.322580645161,8945.032258064517
분당선,이매,4960.612903225807,4808.870967741936
분당선,정자,17334.129032258064,18128.032258064515
분당선,죽전,11624.774193548386,12998.290322580646
분당선,청명,4167.677419354839,4026.967741935484
분당선,태평,12476.645161290322,12021.41935483871
분당선,한티,16148.483870967742,16476.90322580645
서해선,김포공항,3140.3548387096776,4521.4838709677415
서해선,부천종합운동장,2695.8709677419356,2317.3225806451615
서해선,원종,4687.290322580645,4622.548387096775
수인선,고색,4949.612903225807,4692.806451612903
수인선,남동인더스파크,1916.9354838709678,2117.483870967742
수인선,달월,82.93548387096774,53.58064516129032
수인선,사리,4456.612903225807,3821.967741935484
수인선,소래포구,4462.645161290323,4217.290322580645
수인선,송도,2263.7096774193546,2088.3548387096776
수인선,숭의,3985.1612903225805,3642.967741935484
수인선,신포,1525.1290322580646,1545.4516129032259
수인선,야목,640.1290322580645,531.483870967742
수인선,어천,1330.4516129032259,1282.967741935484
수인선,연수,4286.1612903225805,4288.645161290323
수인선,오목천,3386.935483870968,2989.8709677419356
수인선,원인재,3915.516129032258,4041.7096774193546
수인선,월곶,2583.6129032258063,2379.7096774193546
수인선,인천,918.0,1365.0967741935483
수인선,인천논현,4908.225806451613,5171.5161290322585
수인선,인하대,5799.419354838709,5357.419354838709
수인선,호구포,3449.7419354838707,3579.6774193548385
신림선,관악산(서울대),2658.967741935484,2498.0967741935483
신림선,당곡,4844.290322580645,4694.354838709677
신림선,대방,3252.483870967742,2496.0
신림선,보라매,4384.387096774193,3941.5806451612902
신림선,보라매공원,2204.0967741935483,2416.3225806451615
신림선,보라매병원,7628.741935483871,7908.967741935484
신림선,샛강,2719.8387096774195,3214.064516129032
신림선,서울대벤처타운,9798.258064516129,9195.322580645161
신림선,서울지방병무청,3108.6451612903224,3443.4193548387098
신림선,서원,3528.6451612903224,3189.0967741935483
신림선,신림,2355.1290322580644,2741.4193548387098
안산선,고잔,7970.612903225807,7702.645161290323
안산선,대야미,4556.1612903225805,3991.548387096774
안산선,반월,3989.2580645161293,3837.5806451612902
안산선,산본,15171.709677419354,16145.032258064517
안산선,상록수,13103.161290322581,13261.935483870968
안산선,수리산,3587.1935483870966,2985.451612903226
안산선,신길온천,1858.4516129032259,1655.1935483870968
안산선,안산,10974.387096774193,10214.709677419354
안산선,오이도,6714.5161290322585,6590.548387096775
안산선,정왕,7949.419354838709,8051.774193548387
안산선,중앙,17084.90322580645,17863.548387096773
안산선,초지,4267.225806451613,4306.677419354839
안산선,한대앞,8090.903225806452,8086.419354838709
우이신설선,4.19민주묘지,2861.8387096774195,2658.6774193548385
우이신설선,가오리,4073.2903225806454,4064.6129032258063
우이신설선,보문,1747.3225806451612,1744.4516129032259
우이신설선,북한산보국문,5774.548387096775,5480.935483870968
우이신설선,북한산우이,2599.935483870968,2402.2903225806454
우이신설선,삼양,2368.2580645161293,2455.8387096774195
우이신설선,삼양사거리,2567.516129032258,2532.4193548387098
우이신설선,성신여대입구(돈암),3741.6129032258063,4077.032258064516
우이신설선,솔밭공원,2456.967741935484,2337.2258064516127
우이신설선,솔샘,5499.290322580645,5206.064516129032
우이신설선,신설동,2338.8387096774195,2195.2258064516127
우이신설선,정릉,4469.354838709677,4090.2903225806454
우이신설선,화계,3499.7096774193546,3311.483870967742
일산선,대곡,9956.483870967742,8956.548387096775
일산선,대화,9477.483870967742,7863.129032258064
일산선,마두,7083.0,7155.1612903225805
일산선,백석,9442.064516129032,9595.806451612903
일산선,삼송,17847.8064516129,17292.322580645163
일산선,원당,10339.354838709678,10031.032258064517
일산선,원흥,10211.41935483871,9706.516129032258
일산선,정발산,6731.387096774193,6728.064516129032
일산선,주엽,8012.741935483871,7898.5161290322585
일산선,지축,1.2580645161290323,0.0
일산선,화정,15638.41935483871,16319.870967741936
장항선,배방,1228.3870967741937,1205.8709677419354
장항선,봉명,1177.8064516129032,1183.3548387096773
장항선,신창(순천향대),1021.1290322580645,975.4516129032259
장항선,쌍용(나사렛대),2082.451612903226,1985.032258064516
장항선,아산,3587.967741935484,3174.2903225806454
장항선,온양온천,4816.129032258064,4849.0
장항선,탕정,1848.1290322580646,1693.258064516129
중앙선,구리,6866.290322580645,7442.032258064516
중앙선,국수,573.8064516129032,573.5483870967741
중앙선,덕소,4909.129032258064,4942.5161290322585
중앙선,도농,8407.612903225807,7898.0
중앙선,도심,2494.3548387096776,2006.6774193548388
중앙선,망우,7222.451612903225,7072.677419354839
중앙선,상봉,5478.064516129032,5454.5161290322585
중앙선,신원,140.48387096774192,124.93548387096774
중앙선,아신,453.4516129032258,457.258064516129
중앙선,양수,1432.9032258064517,1420.774193548387
중앙선,양원,2715.2903225806454,2660.0
중앙선,양정,415.0967741935484,355.9032258064516
중앙선,양평,2935.935483870968,2970.8064516129034
중앙선,오빈,263.1290322580645,259.258064516129
중앙선,용문,1789.483870967742,1809.5806451612902
중앙선,운길산,475.5806451612903,450.64516129032256
중앙선,원덕,288.1290322580645,275.4193548387097
중앙선,중랑,5294.870967741936,5061.5161290322585
중앙선,지평,42.16129032258065,43.903225806451616
중앙선,팔당,680.9677419354839,704.5483870967741
중앙선,회기,23581.225806451614,22554.09677419355
