지점명,주소,위도,경도
이천안흥점,"경기 이천시 구만리로 191  (안흥동, 이천 롯데캐슬 골드스카이) 롯데캐슬 1층 상가 102호",37.2742845095068,127.454478138184
강변역점,서울 광진구 구의동 587-62,37.535914044506,127.092042045377
파주운정산내점,경기 파주시 청암로17번길 59  (목동동),37.7285952440312,126.734133145912
대전송촌점,대전 대덕구 송촌북로16번길 44  (송촌동),36.36452608144,127.438977234877
합정역점,"서울 마포구 합정동 413-13  1,2층",37.5486634795099,126.916219252939
부산명지점,"부산 강서구 명지국제8로10번길 38  (명지동) 1층 116,117호",35.0943776683714,128.903500417281
순천 신대점,"전남 순천시 해룡면 좌야로 150  (신대리, 중흥에코시티7단지) 711동 120호",34.9379719428639,127.547094517768
신구대점,경기 성남시 중원구 광명로 355  (금광동),37.4464580004415,127.165159625151
성남은행점,경기 성남시 중원구 산성대로 532  (은행동),37.4581244810674,127.16477849662
파주다율점,경기 파주시 청암로 75  (다율동) 상상메디컬프라자 109호,37.7348219678977,126.733035758383
수원 권선점,경기 수원시 권선구 세권로 188  (권선동) 1층,37.2553907761566,127.024719803178
동해터미널점,강원 동해시 항골길 94  (천곡동),37.5257923737629,129.097531763872
청주율량주성점,충북 청주시 청원구 주성로 295  (주성동),36.6701189294746,127.499042509365
홍대점,서울 마포구 독막로7길 60  (서교동),37.5503037491009,126.920256069177
인천 테크노밸리점,인천 부평구 주부토로 236  (갈산동),37.5158580433375,126.726800852864
구로 헤리움점,서울 구로구 중앙로 18  (고척동)  1층 106,37.4995625059278,126.864595226568
세종새롬점,"세종특별자치시 새롬중앙로 59  (새롬동, 새롬빌딩)",36.486072150969,127.250314741762
의정부 고산점,경기 의정부시 바대논길 104  (고산동),37.7350434004274,127.109989339006
대전가양보건대점,대전 동구 우암로326번길 16  (가양동),36.3479198366832,127.451859842362
소하2동점,"경기 광명시 오리로 346  (소하동, 행운드림프라자)  1층 112호",37.4332803049646,126.879772772494
전북대점,전북 전주시 덕진구 덕진동1가 664-6  원플러스 제1층 115호,35.8448777392746,127.125892910832
금천 롯데캐슬점,"서울 금천구 시흥대로 315  (독산동, 금천롯데캐슬골드파크4차)",37.4609911113644,126.896265163559
구미역점,경북 구미시 원평동 129-15,36.1292707658903,128.332135472657
보령점,충남 보령시 동대동 502-18,36.3463442216876,126.607250041971
용인 보정점,"경기 용인시 기흥구 죽전로 53  (보정동, 야후빌딩)",37.3207383262377,127.114666753616
진주경상대점,경남 진주시 가좌길 17  (가좌동),35.1560911153299,128.105645233374
김포 사우점,"경기 김포시 사우중로 51  (사우동, 메가라인)",37.6197218365919,126.718865431576
동탄 반송점,"경기 화성시 동탄문화센터로 65  (반송동, 에이스타운)",37.1999911944075,127.072588019652
화정 로데오점,"경기 고양시 덕양구 화신로 263  (화정동, 브릿지타워(BRIDGE TOWER)) 113호",37.6304520761468,126.832048913118
광주 용산점,"광주 동구 용산3길 17  (용산동, 모아엘가 에듀파크) 109호",35.1181854355772,126.926839518452
거제고현점,경남 거제시 서문로 66  (고현동) 청암빌딩 101호,34.8894800411836,128.623054763578
여주 오학점,경기 여주시 보뜰1길 2  (오학동),37.3027968793356,127.646472959798
여수 여천점,전남 여수시 망마로 55  (신기동),34.7591097568908,127.668871497669
김해대동점,경남 김해시 대동면 동남로 149  (조눌리),35.2460329690633,128.996805596628
군산 나운점,전북 군산시 나운동 95-2,35.9659629865098,126.701977584008
대전둔산점,"대전 서구 둔산로 130  (둔산동, 대덕프라자) 1층 107호",36.3509910661506,127.388163607113
강진점,"전남 강진군 강진읍 중앙로 88  (평동리, 금호상가)",34.63799296945,126.767153620951
수원 나혜석거리점,경기 수원시 팔달구 권광로196번길 24  (인계동),37.2644970431188,127.034563436559
창원귀산점,경남 창원시 성산구 삼귀로 379  (귀산동),35.1641583949284,128.608526336223
부산 남포점,부산 중구 광복로 30-1  (창선동2가),35.0992178699046,129.028368505102
구월 호텔점,"인천 남동구 선수촌공원로23번길 1  (구월동, 9월호텔)",37.4408894834623,126.709706067401
인천 주안점,인천 미추홀구 주안로 92  (주안동) 다동 101호,37.4638595091207,126.679789448359
목포 용해점,전남 목포시 대양로 129  (용해동),34.8222493681702,126.393616199949
고양 화정점,"경기 고양시 덕양구 화중로 126  (화정동, 찬우물상가) 104호",37.6382450188893,126.831899039746
부산대점,부산 금정구 부산대학로49번길 38-1  (장전동),35.229637294023,129.085122505247
삼성전자 기흥점,"경기 용인시 기흥구 삼성로 1  (농서동, 삼성전자(주)기흥캠퍼스)",37.2269444725375,127.087763746841
구리 수택점,"경기 구리시 이문안로 106  (수택동, 럭키아파트 단지내 상가)",37.5915461648631,127.142819420081
광교 호수공원점,"경기 수원시 영통구 법조로 38  (하동, 광교 더샵 레이크파크)",37.2868888807808,127.062148509856
광양 성황점,전남 광양시 성황7길 21  (성황동) 1층중 1층 일부(성황동),34.9368432404495,127.680249884275
광양 마동점,전남 광양시 사동로 204  (마동),34.9545285145391,127.692429024213
호매실 금곡점,"경기 수원시 권선구 금곡로212번길 14  (금곡동, 거성빌딩)",37.2734391901385,126.953664098632
장성 제니스점,경북 포항시 북구 새천년대로1249번길 26  (장성동),36.0761568363549,129.382666135766
대구 성서점,대구 달서구 이곡공원로1길 50  (이곡동),35.8569360225313,128.508920412033
대전목동점,대전 중구 목동 4-11  1층,36.3335880091563,127.411805550713
부천 범박점,"경기도 부천시 범안로 117  (범박동, 현대리치모아) 1층 103호",37.4712169212861,126.809587373605
안산 원곡센트럴점,경기 안산시 단원구 화랑로 122  (원곡동),37.3255982193404,126.801777801111
진접 해밀점,경기 남양주시 진접읍 해밀예당1로 50-44  (금곡리) 1층,37.7119999958879,127.187580744851
안산 고잔점,"경기 안산시 단원구 광덕동로 41  (고잔동, 로진프라자) 104호",37.3081753720013,126.832107602403
용인 신동백점,"경기 용인시 기흥구 동백죽전대로 507  (동백동, 용인동백두산위브더제니스) 143호",37.2830246609485,127.150608535392
봉담2지구점,경기도 화성시 봉담읍 상리중심상가길 6-4  (상리) 1층 103호,37.2243371291513,126.946386958511
대전봉명점,"대전광역시 유성구 계룡로 150  (봉명동, 승호빌딩) 205호",36.3517921868113,127.346887241678
시흥 은계호수공원점,"경기도 시흥시 은계호수로 31  (은행동, 그린타워)",37.4445135644629,126.803425616908
안산 선부점,"경기도 안산시 단원구 선부광장1로 30  (선부동, 단원프라자)",37.3362711219311,126.808461126568
창원팔용점,"경상남도 창원시 의창구 팔용로 428  (팔용동, 드림피아)",35.2545843985563,128.612779981616
의정부회룡역점,경기도 의정부시 외미로 95  (호원동) 1층 114호,37.7245622334329,127.045961456479
산본역점,"경기도 군포시 번영로 495  (산본동, 신명산빌딩) 1층 101호",37.3581103112345,126.931939270521
포항 오천문덕점,경북 포항시 남구 오천읍 원동로 44  (원리),35.9668469699288,129.403122023676
미사가로수길점,"경기도 하남시 미사강변동로84번길 29  (망월동, 미사역 헤리움 애비뉴어)104호",37.5632526660464,127.194725811456
김포 라베니체점,경기도 김포시 태장로 820-26  (장기동) 라베니체마치에비뉴8차 116호,37.6379887775702,126.676838614747
평택고덕점,"경기도 평택시 고덕면 고덕중앙2로 77-6  (여염리, 리치타워)",37.0449188496417,127.041549007098
서귀포 명동로점,제주특별자치도 서귀포시 명동로 20  (서귀동),33.2472076373728,126.563989832159
광주 신창점,광주 광산구 신창로 110-1  (신창동),35.1950336933985,126.838218777462
광주 충장로점,광주 동구 충장로안길 38  (황금동) 국제빌딩,35.147069424446,126.917010832509
부산 국제신도시점,부산광역시 강서구 명지국제8로10번길 38  (명지동),35.0943776683714,128.903500417281
김해내외중앙점,"경남 김해시 내외중앙로 30  (외동, 쌍둥이빌딩메트로타워I) 메트로타워 113호",35.2325746269208,128.866624819787
수원 세류역점,경기도 수원시 권선구 세류동 1162,37.2441276667004,127.016815421893
천안성성레이크타운점,충남 천안시 서북구 성성8로 2-15  (성성동),36.8398133863026,127.130158422763
등촌역점,"서울 강서구 공항대로 531  (염창동, 한울밸리움) 105호",37.5511356670438,126.865471141449
익산영등점,전북 익산시 영등동 831-3,35.9589674271887,126.97302305808
거창거열점,경상남도 거창군 거창읍 거열로4길 133  (가지리),35.7011935907642,127.900027745139
구미 인동점,"경북 구미시 인동35길 32  (구평동, 건강타운)",36.0969866081899,128.434555737187
논산 내동점,충남 논산시 시민로132번길 48  (내동) 104호,36.1806956397991,127.106113918493
충북음성점,충청북도 음성군 음성읍 설성로 85  (읍내리),36.9304439602474,127.6916402807
명지대점,"서울 서대문구 명지대길 6  (홍은동, 신흥빌딩)",37.5807151100724,126.925143593072
오리역점,"경기도 성남시 분당구 성남대로43번길 10  (구미동, 하나EZ타워)",37.3400279256648,127.10781452584
대전도안목원대점,대전 서구 도안북로93번길 20-5  (도안동),36.3311011398385,127.339073112328
개봉 푸르지오점,"서울 구로구 남부순환로 775  (개봉동, 개봉푸르지오) 상가 106동 101호",37.5015678689641,126.847162335199
제주 연동대야점,제주특별자치도 제주시 국기로 19  (연동)  1층,33.479919714526,126.490007243523
인천 구월점,"인천 남동구 인하로489번길 16  (구월동, 세동네오스) 103호",37.4442604878045,126.701335738382
일산 탄현점,경기 고양시 일산서구 일현로 65  (탄현동),37.6928407810098,126.763510920584
서울 방배서래점,서울 서초구 동광로 95  (방배동),37.4937281039123,126.992660192723
익산 모현점,전북 익산시 배산로 158  (모현동1가),35.9515918078008,126.941503742894
포항 초곡점,경북 포항시 북구 흥해읍 초곡지구로 123  (초곡리),36.0932780405651,129.336077047253
전남 도청점,전남 무안군 삼향읍 대죽서로 35  (남악리),34.8117912687093,126.461737144675
잠실 새내역점,서울 송파구 올림픽로12길 17  (잠실동),37.5101012306694,127.08330002464
창원 용지호수공원점,"경남 창원시 성산구 용지로169번길 13  (용호동, 라이크빌-1)  (용호동, 라이크빌-1)",35.2304361690794,128.680920916114
남양주 오남점,경기 남양주시 오남읍 진건오남로 529-1  (오남리),37.6808826013204,127.209255680263
양산물금점,경남 양산시 물금읍 백호2길 14  (가촌리),35.3199372187859,128.99842261142
경주 황성점,경북 경주시 황성로16번길 7  (황성동),35.864482406957,129.214375735213
인천 도화점,"인천 미추홀구 숙골로87번길 2  (도화동, 센타프라자)",37.4701338984516,126.662989989833
시흥 목감역점,경기 시흥시 목감둘레로 253-35  (조남동),37.3809802206293,126.861384823261
용인 외대점,경기 용인시 처인구 모현읍 외대로 42  (왕산리),37.3356753878202,127.254019309591
세종해밀점,"세종특별자치시 해밀3로 32  (해밀동, 해밀마을1단지) 105동 117,118호",36.5293454219315,127.267175979123
대구 동천점,대구 북구 동천로 128  (동천동),35.9430262744651,128.561094972199
모란점,경기 성남시 중원구 둔촌대로 84  (성남동) 란프라임타워 107호,37.4297248673021,127.128476586004
광명 하안점,"경기도 광명시 범안로 1041  (하안동, 삼성빌딩) 삼성빌딩 1층",37.4622291735411,126.878473696013
세종대평점,"세종특별자치시 갈매로 58  (대평동, 황산프라자)  (대평동, 황산프라자) 120호,121호",36.4710424688358,127.275422745905
향동점,경기 고양시 덕양구 향동동 524  센터프라자 113호,37.6006541198611,126.89424678099
오시리아점,부산 기장군 기장읍 시랑리 717,35.1919979628815,129.217782839818
당진 시곡점,충남 당진시 서해로 6260  (시곡동) B동,36.9024477107286,126.681624041202
포항 이동점,경북 포항시 남구 대이로111번길 5  (대잠동) 111호,36.0249623693826,129.340351391592
통영점,"경상남도 통영시 산양읍 삼칭이해안길 820  (영운리, 통영한산마리나호텔) 디저트39 통영점",34.8047723048005,128.434187531207
밀양삼문점,경남 밀양시 미리벌중앙로1길 19  (삼문동)  (삼문동) 1층,35.4811764540501,128.748196383852
통영 죽림점,경상남도 통영시 광도면 죽림4로 19-10  (죽림리),34.885540849742,128.417280991836
고덕역점,"서울 강동구 고덕로 266  (명일동, 고덕역 대명벨리온)",37.5546936843646,127.15511458665
고성점,경남 고성군 회화면 회진로 515  (봉동리),35.0589723138702,128.408558764024
군산 수송점,전북 군산시 수송로 204  (수송동),35.9637364242895,126.717835017394
나주 빛가람점,전남 나주시 배멧3길 5-4  (빛가람동),35.0188876529535,126.785712535593
전주혁신도시점,"전북 전주시 덕진구 기지로 77  (장동, 전북혁신도시 더 M city 센텀) (장동, 전북혁신도시 더 M city 센텀) 디방디엠시티 c-116호",35.8388252540802,127.059182062214
해운대점,부산 해운대구 해운대해변로357번길 17  (중동) 110호,35.1646838916426,129.16771566297
공주 신관점,충남 공주시 신관로 69-31  (신관동) 1층,36.471116066871,127.137266764611
청주동남지구점,충북 청주시 상당구 중고개로141번길 13-21  (용암동) 스마트타운 110호,36.6163794626184,127.516855457755
부평 청천점,"인천광역시 부평구 세월천로 47  (청천동, 대일빌딩)",37.5127718423759,126.704205893465
계양 작전역점,"인천 계양구 주부토로 417  (작전동, BS 빌딩)  1층",37.5314679564691,126.727659428434
일산 식사점,경기 고양시 일산동구 식사동 1587,37.6740605942899,126.808020466667
의정부역점,"경기 의정부시 태평로 76  (의정부동, 미즘) 미즘빌딩 1층",37.7393074259179,127.052033935974
의왕 퍼스트힐점,경기 의왕시 신장승길 29  (삼동),37.3206080563511,126.957080348937
수진역점,경기 성남시 수정구 수진동 2206,37.4377223728289,127.140360799958
인천대점,"인천 연수구 하모니로138번길 11  (송도동, 송도캐슬센트럴파크)",37.3849625996123,126.642800057546
인천 서창점,인천 남동구 서창남로 77  (서창동)  메인프라자 110호,37.4258931724057,126.748247694073
전대점,광주 북구 호동로 12-8  (중흥동),35.174447801417,126.914224112415
구파발역점,"서울 은평구 진관3로 21  (진관동, 은평뉴타운엘크루) 엘크루오피스텔 103호",37.6396025010646,126.919014455213
전남 영광점,전남 영광군 영광읍 천년로12길 23  (신하리),35.2745680980678,126.500494662321
목포 하당점,전남 목포시 백년대로297번길 3-1  (상동),34.8041398809879,126.41971280902
안산 한대역점,"경기 안산시 상록구 광덕1로 355  (이동, 데코스포텔) (이동, 데코스포텔) 1층",37.3072746616668,126.849071375827
안산 초지점,"경기 안산시 단원구 광덕1로 62  (초지동, 아트프라자) (초지동, 아트프라자) 109호",37.3081561235645,126.816298850189
남해점,경남 남해군 남해읍 강진만로 1  (입현리) 1층,34.8298196475428,127.910175591747
울산 언양점,울산 울주군 언양읍 헌양길 51  (남부리),35.5649593024622,129.124438136738
하남 풍산현대지산점,경기 하남시 미사대로 540  (덕풍동) (덕풍동) 현대지산 A-130,37.5578052341426,127.20583464536
한양대점,"서울 성동구 마조로5길 6  (행당동, 새마을금고)",37.5601694090823,127.040422301856
충남 내포혁신도시점,"충남 홍성군 홍북읍 홍학로 95  (신경리, 아이프라자 2) (신경리, 아이프라자 2) 2차 103호",36.6459940234991,126.677179377929
수원 정자점,"경기 수원시 장안구 정자천로173번길 11-6  (정자동, 세경프라자) 102호",37.295888406963,126.994288313093
한국교원대점,충북 청주시 흥덕구 강내면 탑연리 339,36.6173717888594,127.355994102692
파주 교하점,"경기 파주시 파주로 266  (동패동, 아이비타워)  (동패동, 아이비타워) 102호",37.7261729297037,126.718241997855
부산 연산점,부산 연제구 반송로 89  (연산동) 1층 4호,35.191538058945,129.088297824307
진주평거점,경남 진주시 평거로 11  (평거동),35.1719961367269,128.062801124978
충남 당진점,"충남 당진시 대덕1로 125-26  (대덕동, 대광빌)",36.8850173933962,126.646742400835
남양주 마석점,"경기 남양주시 화도읍 경춘보학1길 8  (녹촌리, 남양주 라온프라이빗 5단지) (녹촌리, 남양주 라온프라이빗 5단지) 107호",37.6501562935199,127.296452371034
안성공도점,"경기 안성시 공도읍 공도4로 3  (만정리, 우성메디컬프라자)  (만정리, 우성메디컬프라자) M1층 113호, 114호",37.0004758153885,127.172121798803
동해 북삼점,강원 동해시 동회동 66-15,37.4886588397752,129.108426517647
녹번역점,서울 은평구 은평로 240  (응암동) 힐스테이트 녹번역 상가 304호,37.6004214734002,126.934948113512
호평점,"경기 남양주시 늘을2로 20  (호평동, CH리베로빌딩) (호평동, CH리베로빌딩) 115호",37.654488500865,127.244100117733
인천 미추홀점,인천 미추홀구 용현동 665-19,37.4473148688415,126.647513760434
인천 신현점,"인천 서구 가정로 375  (신현동, 금강아미움) 106호",37.5184745666802,126.672621688621
부평 중앙점,인천 부평구 경원대로 1420  (부평동),37.4909991954417,126.72668528183
김해삼계점,경남 김해시 해반천로130번길 31  (삼계동),35.260185277293,128.870589607071
거여역점,서울특별시 송파구 오금로 519  (거여동) 스위트빌딩 202호,37.4930969613738,127.14651816376
인천 부개역점,인천 부평구 부개동 301-10,37.4869785233969,126.739189379903
목포 산정점,전남 목포시 산정로 37  (산정동) 1층(산정동),34.792077213477,126.392738167713
민락에스클래스점,"경기 의정부시 오목로 196  (민락동, 민락2지구 제일풍경채 센텀-애비뉴모나코) 1층 55호",37.7440510248764,127.099113696287
포항 장성점,경북 포항시 북구 성실로 70  (장성동),36.0694458273643,129.373595643397
문정 래미안점,"서울 송파구 문정로 83  (문정동, 문정래미안아파트) 상가동 129호-1",37.4892043157404,127.130231968818
부평 산곡점,인천 부평구 산곡동 412-4,37.5044075225419,126.71425116248
대치점,서울 강남구 선릉로64길 28  (대치동),37.4982358118448,127.054563099417
라페스타점,"경기 고양시 일산동구 중앙로 1305-56  (장항동, 라페스타D)  D동 126호",37.6610286903147,126.76830760753
킨텍스원시티점,"경기 고양시 일산동구 태극로 8  (장항동, 킨텍스원시티 1블럭)",37.6639714328316,126.749893444303
파주 문산점,경기 파주시 문산읍 방촌로 1719-74  (당동리) 좋은빌딩 1층,37.8666610727526,126.783547821821
포천 송우점,경기 포천시 소흘읍 송우리 123,37.8281183146475,127.14779520663
신림역점,서울 관악구 신원로 39  (신림동) 1층,37.4824500497428,126.929406869357
학동역점,"서울 강남구 학동로 208  (논현동, 용문빌딩)",37.5140499644185,127.031988191374
야탑역점,"경기 성남시 분당구 야탑로65번길 8  (야탑동, 나인투빌딩) (야탑동, 나인투빌딩) 1층 103호",37.4105234033369,127.126354008002
강동역점,"서울 강동구 천호대로 1092  (성내동, 에스케이허브진) 110호",37.5352477607977,127.132663780085
창원상남점,"경남 창원시 성산구 마디미로56번길 7  (상남동, 레알주차장빌딩) (상남동, 레알주차장빌딩) 110호",35.2197778544787,128.681722304385
안산 월피점,경기 안산시 상록구 월피동 508-1,37.3353206420264,126.845296115441
부천 시청점,"경기 부천시 석천로169번길 22  (중동, 현대센트럴파크) (중동, 현대센트럴파크)",37.5029712432435,126.761610025282
제주 이도점,제주특별자치도 제주시 연신로 85  (이도이동),33.4942251741973,126.548966321893
개금점,부산 부산진구 가야대로 486  (개금동),35.1527882355747,129.025196780398
동탄 수변공원점,경기 화성시 동탄순환대로29길 56  (영천동)  코스모스스퀘어 1층 105호,37.2045347295096,127.108456318874
부산 덕천점,"부산 북구 금곡대로8번길 87  (덕천동, 덕천역 이즈 카운티) 이즈카운티 107호",35.2121249318227,129.009822897172
부천 옥길점,경기 부천시 양지로166번길 22  (옥길동),37.4689665656059,126.819287397463
검암 경서점,인천 서구 검암동 599-2   A동 1층,37.5653553308334,126.673585527444
구리 갈매점,"경기 구리시 경춘북로 252  (갈매동, 갈매역아이파크)  갈매역 아이파크 애비뉴상가 A동 125호",37.6338125904837,127.118322701737
양주옥정점,경기 양주시 옥정로 226  (옥정동)  1층 108호,37.8217351425577,127.092147213799
인천 석남점,인천 서구 가정로 258  (석남동) 지인프라자 1층,37.5078357972895,126.672578918666
안산 그랑시티자이점,경기 안산시 상록구 사동 1639  그랑시티자이2차아파트 상가 121호,37.2800935561064,126.832156241054
가재울 뉴타운점,"서울 서대문구 거북골로 100  (남가좌동, 래미안 루센티아) 래미안루센티아 상가1호",37.5757256799627,126.918353630124
동산 마동점,전북 익산시 중앙로33길 1  (마동),35.9361351840882,126.965909074899
김포 구래점,"경기 김포시 김포한강9로75번길 180  (구래동, 두원타워) (구래동, 두원타워)",37.6449161667142,126.624480283456
원흥 삼송점,경기 고양시 덕양구 권율대로 690  (원흥동)  202동 104호,37.6504571717728,126.875619354956
대전관저롯데시네마점,대전 서구 봉우로8번길 23  (관저동) 103A,36.3025446163471,127.33371801988
전주만성점,전북 전주시 덕진구 만성로 137  (만성동)  만성에코르 1단지상가 107호,35.8437908201714,127.076009749664
동탄 호수공원점,"경기 화성시 동탄대로 181  (송동, 동탄린스트라우스더레이크) 레이크꼬모 A동 111호",37.1720680647347,127.104140595235
당진 기지시점,충남 당진시 송악읍 기지시1길 62  (기지시리)  1층,36.9040761432908,126.692912470679
문경점,경북 문경시 여중1길 21  (모전동),36.5977483903029,128.189559992845
남양주 다산점,"경기 남양주시 다산중앙로 109  (다산동, 다산진건지구 업무1-4)  1층 114호",37.6229363386582,127.153451340457
충북혁신도시점,충북 음성군 맹동면 원중로 1438  (동성리),36.9096704130043,127.540750439605
동탄 신리천점,경기 화성시 동탄대로14길 5-17  (오산동),37.1856651581824,127.102073103904
삼천포점,경남 사천시 주공로 3  (벌리동) 120호 (벌리동 253-6번지),34.9386076830801,128.086100992827
서산 해미점,충남 서산시 해미면 서문1로 6  (읍내리),36.7132234333592,126.545836357177
연천전곡점,경기 연천군 전곡읍 온골로 38-2  (전곡리),38.0245069310714,127.068601919074
여수 교동점,전남 여수시 진남상가길 21  (교동),34.7414280025021,127.734595175453
양산역점,경남 양산시 양산역7길 14  (중부동),35.338509884923,129.027685841882
이천점,경기 이천시 어재연로 30  (중리동),37.2791759630526,127.444747147469
경주점,경북 경주시 원화로 312  (성동동),35.848600173075,129.217711679092
철원 DMZ점,강원 철원군 동송읍 금학로 247  (이평리),38.210451397371,127.216344057547
충북진천점,충북 진천군 진천읍 중앙북로 14  (벽암리) 1층 104호,36.8592053673668,127.438244163319
길음 뉴타운점,"서울 성북구 길음로 33  (길음동, 길음뉴타운) 상가B동 29호",37.6050832927232,127.022078590713
강남역점,"서울 서초구 서초대로74길 23  (서초동, 서초타운트라팰리스)  108호",37.4956119342423,127.027090955824
구미 문성점,경북 구미시 고아읍 들성로 170  (원호리),36.1585639594311,128.339854587395
부산 시민공원점,부산 부산진구 새싹로 83-2  (부암동) B동 1층,35.1642583097589,129.053249109824
김포 운양점,경기 김포시 김포한강11로 300  (운양동) 에비뉴파크 105호,37.6554341996228,126.68245157074
금천 시흥점,서울 금천구 독산로 131-1  (시흥동),37.4590649824116,126.904897730736
오산원동점,"경기 오산시 오산로132번길 28-19  (원동, 승희프라자) (원동, 승희프라자) 1층",37.1382391818775,127.072737195697
울산 옥동점,울산 남구 문수로 322  (옥동) 동은빌딩 1층,35.5350699278741,129.288616390901
시흥 배곧점,"경기 시흥시 서울대학로278번길 61  (배곧동, 서영베니스스퀘어) (정왕동, 서영베니스스퀘어) 1층",37.3681855990292,126.73067100839
평택소사벌점,"경기 평택시 비전5로 16  (비전동, 프라우빌딩) 프라우빌딩 111호",36.9998557100909,127.113265585575
동탄 2시범단지점,경기 화성시 동탄순환대로 617  (청계동)  범환상가 104호,37.2007369189066,127.114737861227
인천 청라점,인천 서구 연희동 797-1  린스트라우스 B동 115호,37.5486391,126.6826642
경북 도청점,경북 예천군 호명면 산합리 1408  신성프라자 101호,36.576261616315,128.489086782816
강릉 유천점,강원 강릉시 선수촌로 67  (홍제동) 108호,37.7568451314152,128.870043964598
부산 사직점,부산 동래구 아시아드대로146번길 10  (사직동),35.1973849779054,129.066128389207
인천 연수점,"인천 연수구 벚꽃로 106  (청학동, 연수광장프라자) 101호(광장프라자)",37.417680131691,126.677232072323
충북증평점,"충북 증평군 증평읍 광장로 106  (중동리, 제일가정의학과)",36.7844492856201,127.583506054941
익산 원광대점,전북 익산시 무왕로 884  (신동) 1층,35.9639677794551,126.956721318212
부산 남천점,"부산 수영구 황령대로473번길 15  (남천동, 남천 엑슬루타워) 103, 104호",35.1399316610651,129.106487767528
용인 김량장점,경기 용인시 처인구 금령로 94  (김량장동),37.2353366732479,127.206629287399
파주 동패점,경기 파주시 동패동 1758-1  삼융프라자 106,37.7117518784836,126.744440642883
충북오송점,충북 청주시 흥덕구 오송읍 연제리 712,36.6313324390288,127.327628755062
서산 호수공원점,"충남 서산시 호수공원3로 26  (읍내동, 하진하우스)",36.7745102365983,126.447953628988
제주 노형점,제주특별자치도 제주시 노형동 3794-5,33.4827109744154,126.475942201235
안양 동편마을점,"경기 안양시 동안구 동편로 16  (관양동) (광양동, 동편상가)",37.4060321099011,126.971506210451
울진 군청점,"경북 울진군 울진읍 울진중앙로 123-2  (읍내리, 클래식)",36.9925877167161,129.401028344796
분당 서현점,"경기 성남시 분당구 서현로180번길 19  (서현동, 비전월드)  101-25호",37.3879746443467,127.12248993928
김해율하점,경남 김해시 관동동 1094-1,35.1764391626549,128.812301064315
인천 검단사거리역점,인천 서구 검단로 469  (왕길동) 104-105호(왕길동),37.6019289434556,126.656572826949
구미 형곡송정점,경북 구미시 송정대로 11  (송정동),36.1171007259498,128.340097420436
원주 무실점,강원 원주시 시청로 100  (무실동),37.3358072423623,127.928977371486
안성석정점,경기 안성시 석정동 255-9,37.0095259348693,127.261408084242
안동 옥동점,경북 안동시 옥동 616-1,36.5640846989571,128.703967218639
천안 두정점,"충남 천안시 서북구 두정중9길 11-1  (두정동, 한일상사)  1층",36.8370355260344,127.139550435202
대구 테크노폴리스점,대구 달성군 유가읍 테크노상업로 96  (봉리),35.6932468009295,128.45969336373
동여의도점,"서울 영등포구 의사당대로1길 25  (여의도동, 하남빌딩)  115호",37.5200631564146,126.929844969015
광양 중마점,전남 광양시 공영로 102  (중동),34.9356536895306,127.700304339606
울산 성남점,울산 중구 젊음의거리 29-6  (성남동),35.5539244957303,129.318395047048
포항 양덕점,경북 포항시 북구 양덕동 1396,36.0819935001075,129.397223344302
충주연수점,충북 충주시 갱고개로 176  (연수동),36.9866502752864,127.939559325452
대구 침산점,"대구 북구 침산로 153  (침산동, 명성푸르지오) 105동 1층 C15호",35.8890265531963,128.589744306502
충주성서점,충북 충주시 성서8길 19  (성서동),36.9711158295368,127.932398549974
송탄출장소점,경기 평택시 관광특구로 19  (서정동)  101-1호(서정동),37.0672512623234,127.060907834839
영주 가흥점,경북 영주시 대동로13번길 2-21  (가흥동),36.8171121747959,128.604086727492
송도 캠퍼스타운점,"인천 연수구 송도과학로27번길 55  (송도동, 롯데캐슬 캠퍼스타운) (송도동, 갬퍼스타운 애비뉴)",37.3892363233087,126.665127593356
시흥대야점,"경기 시흥시 비둘기공원7길 39  (대야동, 트윈프라자) 1층 101호(대야동, 트윈프라자)",37.4424759071005,126.79240255182
남앙주 진접점,경기 남양주시 진접읍 금곡리 974-1  103호,37.7200358706515,127.197016032466
판교 알파돔점,"경기 성남시 분당구 대왕판교로606번길 10  (백현동, 알파리움1단지) 타워 1동 2층 328호(백현동, 알파리움)",37.395800819414,127.107592379777
전주아중점,전북 전주시 덕진구 건산로 261  (우아동2가) 1동 1호(우아동 2가),35.8354910603427,127.165774408752
파주 금촌점,경기 파주시 중앙로 323  (금촌동) 1층,37.7644264702007,126.774163985202
금정역점,경기 군포시 산본천로226번길 4  (산본동) 101호(산본동),37.3716969846865,126.942281997709
아산 용화점,충남 아산시 용화고길 93  (용화동)  103호,36.7736670787267,127.012128618011
태안점,충남 태안군 태안읍 동문3길 17  (동문리),36.7485369799008,126.304158069916
용인 기흥구청점,"경기 용인시 기흥구 구갈로60번길 3  (구갈동, 골드프라자) 102호(구갈동, 골드프라자)",37.2798615830535,127.111816851353
상봉점,"서울 중랑구 망우로 353  (상봉동, 상봉 프레미어스 엠코) 비주거동 1층 C 101호",37.5983328190955,127.091624142481
속초 교동점,강원 속초시 중앙로 20  (교동),38.198292881905,128.57950355106
용인 동백점,"경기 용인시 기흥구 동백죽전대로 444  (중동, 쥬네브) 쥬네브썬월드빌딩 9층",37.2779959612183,127.151598440729
대구 수성못점,대구 수성구 수성못길 18  (두산동),35.8265184766009,128.622199607202
정읍 상동점,"전북 정읍시 신경1길 1-9  (상동) 1,2층",35.5570315320716,126.867384017809
태백 황지연못점,강원 태백시 황지로 149  (황지동) 연지로 빌딩 101호,37.1721389197168,128.992004066909
외대점 (250331 폐점),서울 동대문구 휘경로 13  (이문동),37.5960166838474,127.061743635095
가평점,"경기 가평군 가평읍 연인2길 22-1  (읍내리, 한서건축사무소) 1층",37.8298028197607,127.511053189654
안양역점,경기 안양시 만안구 장내로139번길 60  (안양동),37.4001947281025,126.92133596973
인천아라점,"인천 서구 이음5로 62  (원당동, 정인프라자)",37.5945108977486,126.714858016676
창원합성로점,경남 창원시 마산회원구 합성남로 10  (합성동),35.2379766770585,128.583671704705
보라매점,서울 관악구 봉천로7길 41  (봉천동),37.4911871231549,126.926018683603
아주대점,경기 수원시 팔달구 아주로 43  (우만동),37.2787044223603,127.043476323661
순천 조례점,전남 순천시 신월큰길 27  (조례동),34.9605432228002,127.518725989049
더샵 부평점,인천 부평구 십정동 289-8,37.4766289,126.6974314
강남 테헤란로점,"서울 강남구 테헤란로4길 6  (역삼동, 강남역 센트럴 푸르지오 시티)",37.4976674173806,127.029286360295
증포점,경기 이천시 이섭대천로 1342  (증포동) 102호,37.2879319494196,127.452442490221
옥천중앙로점,충북 옥천군 옥천읍 중앙로 40  (금구리),36.3007271105274,127.568861115916
수원매교역점,경기 수원시 팔달구 정조로 667  (매교동),37.268029752322,127.016687925655
분당서현시범단지점,"경기 성남시 분당구 중앙공원로39번길 49  (서현동, 서현 지엔느)",37.383793397882,127.124777792146
구로구청점,"서울 구로구 가마산로 285  (구로동, 비즈트위트 레드)",37.497105116553,126.891686167261
건대점,"서울 광진구 아차산로 238  (1층, 자양동)",37.5399829261045,127.069577729358
학익점,인천 미추홀구 소성로 237  (학익동),37.4391323444693,126.674173323311
우송대동역점,대전 동구 백룡로 9  (자양동),36.3361575146948,127.448252034477
대전탄방점,대전 서구 괴정동 7-2,36.3425419039806,127.384431912301
울산 송정점,울산 북구 송정25길 2  (송정동),35.5974662775006,129.362021531471
대구 태전점,대구 북구 칠곡중앙대로69길 11  (태전동),35.9265599899944,128.545997466709
신사역점,서울 강남구 강남대로146길 25  (논현동),37.5152846096809,127.022163072443
관악점,"서울 관악구 관악로 164  (봉천동, 대우디오슈페리움1단지)",37.4797395226756,126.952875619698
하남 메가박스점,광주 광산구 우산동 1588-1  동부센트레빌상가 141호,35.1621622149023,126.810933232518
석수동 안양대교점,"경기 안양시 만안구 안양로 447  (석수동, 유안율빌딩)",37.4099733371657,126.911781687766
제주시청대야점,제주특별자치도 제주시 동광로 7  (이도일동),33.5013589872661,126.529865866944
안산중앙점,"경기 안산시 단원구 예술대학로 9  (고잔동, 보배프라자)",37.3178279260242,126.83651980365
방배중앙점,서울 서초구 방배중앙로 117  (방배동),37.4895596838302,126.987343414492
창원중앙점,경남 창원시 성산구 용지로133번길 11  (중앙동),35.2278213384456,128.678728968623
대전역점,"대전 동구 중앙로 215  (정동, 대전역)",36.3344230194263,127.432103833008
가산 한라원앤원점,서울 금천구 가산디지털2로 101  (가산동),37.477043450667,126.879222554896
양원역점,서울 중랑구 양원역로 72  (망우동),37.6068112881608,127.106072470041
남원춘향점,전북 남원시 주천면 원천로 345-34  (호기리),35.4012080899492,127.430184046669
수유역점,서울 강북구 수유동 174-32,37.640496755276,127.027355581762
울산 대공원점,울산 남구 대공원로99번길 20  (옥동),35.5313483418699,129.296168781346
진해석동점,"경남 창원시 진해구 냉천로 61  (석동, 보람수산)",35.1521053028898,128.703866579742
동인천역점,인천 동구 송현로 7  (송현동),37.4773652411137,126.633672105107
평택포승점,경기 평택시 포승읍 여술3길 17-16  (도곡리) 101호,36.9870724192213,126.847255490892
대전학하점,대전 유성구 계산동 762-9,36.335849189618,127.300111511343
여주교동점,경기 여주시 교동 538,37.2781720417389,127.636928098757
인천 귤현점,인천 계양구 귤현동 496,37.5673039698922,126.747471338483
화성시청 남양점,경기 화성시 남양읍 역골중앙로 14  (남양리) 102호,37.2022756276555,126.826450504177
순천오천점,전남 순천시 오천6길 26  (오천동),34.9331965869246,127.495086427968
호매실 능실점,경기 수원시 권선구 호매실로104번길 24-70  (호매실동),37.2591938104878,126.963155443401
창원경남대점,경남 창원시 마산합포구 창포동3가 8-4,35.181864748297,128.560555237776
덕천동이수타워점,"부산 북구 기찰로 12  (덕천동, 이수빌딩)",35.2113848281824,129.006285663626
덕소점,"경기 남양주시 와부읍 덕소로 269  (도곡리, 동성프라자)",37.5779360262872,127.225716813389
안성중대점,경기 안성시 대덕면 대학10길 20  (내리),37.0018201060973,127.226453738792
마석 스타점,"경기 남양주시 화도읍 마석중앙로37번길 45  (마석우리, 별나라프라자)",37.6568399287048,127.303297129661
판교역점,경기 성남시 분당구 판교역로 136  (백현동),37.3925072208217,127.110430292919
지축점,경기 고양시 덕양구 오부자2길 18  (지축동),37.6513880176961,126.918000033902
군산조촌디오션점,전북 군산시 조촌동 2-38,35.9769412726523,126.74208278176
광주 경안점,경기 광주시 경안로 32  (경안동),37.4097989344374,127.257283203115
다사 대실점,대구 달성군 다사읍 대실역남로 10  (죽곡리),35.8568134344849,128.464631990293
성대점,경기 수원시 장안구 화산로213번길 23  (율전동),37.298626400695,126.972524868969
논현중앙점,인천 남동구 논현동 631-9,37.4013821259744,126.723923969427
안면도점,충남 태안군 안면읍 방포로 1  (승언리),36.5159120401627,126.345518877636
계양구청점,"인천 계양구 계산새로 71  (계산동, 하이베라스) C동 1층 113,114호",37.5387803391763,126.735817610773
송도트리플스트리트점,"인천 연수구 송도과학로16번길 33-4  (송도동, 송도 트리플스트리트) D동 118호",37.3786608661181,126.662841516858
부천송내역점,"경기 부천시 부일로199번길 21  (상동, 황금프라자빌딩) 103,104,105호",37.4894095602196,126.751837342319
대전산성점,"대전 중구 대둔산로408번길 5  (산성동, 동신빌딩)",36.3057325354987,127.38691819848
시흥거북섬점,"경기 시흥시 거북섬2길 5  (정왕동, 시흥시 MTV 프라자) 102호",37.3255135038358,126.677723629794
삼성점,서울 강남구 테헤란로87길 57  (삼성동),37.5112868015958,127.05719113004
남원사랑도통점,전북 남원시 춘향로 24  (도통동) 1층,35.4179322542991,127.397895330862
창원유니시티점,경상남도 창원시 의창구 중동중앙로 95  (중동),35.259500710884,128.628806524607
월미도점,인천 중구 북성동1가 98-230  2층,37.4754814792228,126.598924931918
사가정역점,서울 중랑구 면목로 341  (면목동) 1F,37.5821763494967,127.088154488573
광주사암로점,광주 광산구 사암로215번길 27  (우산동),35.1635779594463,126.806751869705
평촌엘프라우드,"경기 안양시 동안구 운곡로 60  (비산동, 평촌엘프라우드) 2단지 상가 223호",37.4038560103805,126.943920454083
수원인계점,경기 수원시 팔달구 인계로 118  (인계동),37.2673666514378,127.030402470946
안산해양점,경기 안산시 상록구 해양4로 26  (사동) 자이센터프라자 1층,37.2841647022601,126.829060125779
선화하늘채점,"대전 중구 대종로594번길 51  (선화동, 하늘채스카이앤1차) 303동 128호",36.3365042066403,127.419478191021
광주상무점,광주 서구 금부로 83  (금호동) 1층,35.1397915383396,126.858039174
화성융건릉점,경기 화성시 세자로475번길 14-3  (안녕동) 2층3층,37.2072171954189,126.985693966905
울산온양점,울산 울주군 온양읍 온양로 177  (대안리),35.4092916671543,129.290235866859
횡성점,강원특별자치도 횡성군 횡성읍 교항리 116-8,37.4853255358261,127.983077829154
일산킨텍스점,"경기 고양시 일산서구 킨텍스로 217-60  (대화동, 킨텍스) 킨텍스 제1전시장 5홀 전면 디저트39",37.668933476214,126.745802827238
부천소사역점,경기 부천시 소사구 소사본동 65-5  118호,37.4817222819572,126.79674707447
홍대입구역점,서울 마포구 신촌로 28  (동교동) 1층,37.5575730197905,126.929193344839
세종나성점,"세종특별자치시 나성로 96  (나성동, 더센트럴) 1층 159호",36.4878789621189,127.261002509068
충북음성성본점,"충북 음성군 대소면 성본산단4로 41  (성본리, 음성푸르지오 더퍼스트)",36.9701140925437,127.537390978385
시흥장현점,"경기 시흥시 황고개로 486  (장곡동, 퍼스트프라자) 1층",37.3742018640133,126.790313204837
롯데마트그랑그로서리구리점,"경기 구리시 동구릉로136번길 57  (인창동, 구리유통종합상가) 롯데마트그랑그로서리구리점 2층",37.6131388676785,127.140918284674
광명사거리역점,"경기 광명시 오리로 942  (광명동, 임플란트빌딩) 1,2층",37.4784663808976,126.858492039691
부산모라점,부산 사상구 사상로489번길 28  (모라동),35.1886717924992,128.986461114296
울산신정점,"울산 남구 봉월로 55  (신정동, 양우내안애팰리스) 상가 104호",35.5373057129316,129.305290987487
충북대병원점,"충북 청주시 서원구 1순환로 771  (개신동, 보덕빌딩) 1층 디저트39",36.6251933164177,127.463868279171
답십리점,서울 동대문구 답십리동 21-78,37.5683994158181,127.058596593114
마곡점,"서울 강서구 마곡중앙로 111  (마곡동, 롯데캐슬 르웨스트) 105동 175호",37.5638094509858,126.825417557789
강동구청점,서울 강동구 성내동 319-33  1층 2호,37.5308462312518,127.121053310601
안양어반포레점,"경기 안양시 만안구 냉천로 125  (안양동, 안양어반포레자연앤이편한세상 3단지) 108호(안양어반포레자연앤이편한세상 3단지 3-3상가)",37.3923704846543,126.922915761383
구미신평점,경북 구미시 신비로 16  (신평동),36.1225355589089,128.364349060852
검암푸르지오점,인천 서구 한중로 10  (백석동) 메르시타워 115호,37.5776679082,126.673809821857
화곡더챔버점,"서울 강서구 강서로 174  (화곡동, 한양 더챔버)",37.5422659466139,126.84035289589
글로스터호텔인천점,인천 남동구 소래역로 36  (논현동) 글로스터인천 1층,37.4003132258351,126.735462609054
학익시티필드점,인천 미추홀구 매소홀로 262  (학익동),37.4442594554747,126.652473650634
양산신명동점,경남 양산시 신명동7길 30  (명동) 1층,35.4051110704727,129.170724912228
당진송악점,"충남 당진시 송악읍 신복운로 49  (복운리, 송악프라자) 108호, 109호",36.9420062854674,126.780068405959
수원탑동점,"경기 수원시 권선구 서부로 1822-55  (탑동, (주)덕산마트)",37.273606775039,126.969805524353
김제검산점,전북특별자치도 김제시 검산택지1길 51  (검산동),35.8031961706655,126.90239203234
대전관평점,"대전 유성구 관평2로 26  (관평동, 아카데미프라자)",36.424286931957,127.389575638324
청주강서점,"충북 청주시 흥덕구 서현중로 66  (강서동, 레인보우빌딩)",36.6242814973877,127.4282835725
온수역점,서울 구로구 온수동 9-12,37.4929767011224,126.823994143637
함양점,"경남 함양군 함양읍 고운로 83  (교산리, 한주상가) 107호",35.5212679470692,127.730445827364
강릉교동점,강원특별자치도 강릉시 솔올로5번길 18-6  (교동) 1층,37.7633117914163,128.875844215064
대치중앙점,서울 강남구 삼성로 325  (대치동) 1층,37.5007305724148,127.059488884161
시온성점,"전북특별자치도 완주군 봉동읍 과학로 979  (둔산리, 시온성주유소)",35.9559462343944,127.125085366386
운정로데오점,경기 파주시 경의로1240번길 14-31  (와동동) 1층 111호,37.7265038078199,126.762036827627
부송점,전북특별자치도 익산시 궁동로 158  (부송동),35.9628334376039,126.988553751677
삼산점,경북 안동시 문화광장길 63  (삼산동),36.5657954132933,128.731419430312
양평J&J점,경기 양평군 양평읍 시민로 125  (공흥리),37.4906811086607,127.505549433548
보령중앙로점,충남 보령시 중앙로 187-31  (대천동),36.3526488476756,126.584548341825
사천점,경남 사천시 사남면 유천리 929  삼정그린코아 포레스트 후문 상가 143동 125호,35.0739781612166,128.069566592958
평촌두산벤처다임점,"경기 안양시 동안구 흥안대로 415  (평촌동, 두산벤처다임) 동문 1층 137호",37.3916395332505,126.972961523948
군산영화점,전북특별자치도 군산시 구영5길 123  (영화동),35.9895003861684,126.710807198213
칠암캠퍼스점,경남 진주시 동진로 38  (칠암동) 102호,35.1787777377324,128.095283945905
독립문문화공원점,서울 서대문구 통일로 203  (영천동) 1층,37.5711638645722,126.960799153339
운정GTX점,"경기 파주시 청석로 115  (동패동) 114호, 115호",37.712691078582,126.720433135049
청담점,서울 강남구 도산대로89길 3  (청담동) 1층,37.5250568600276,127.050197355933
여수웅천점,"전남 여수시 웅천로 347  (웅천동, 새여수새마을금고 웅천사옥) 1층",34.7499073807969,127.681181959438
창원역점,"경남 창원시 의창구 사화로 16  (팔용동, 한창빌딩) 1층",35.2567816932823,128.609422070578
노원상계보람점,"서울 노원구 한글비석로 470  (상계동, 동서기업빌딩)",37.664667281503,127.065967816119
연지초읍점,부산 부산진구 동평로235번길 23  (연지동) 1층,35.1710280521095,129.052109619328
서울대벤처타운역점,서울 관악구 신림동 1536-16  1층,37.4687217234763,126.936217024272
부산문현점,부산 남구 수영로 33  (문현동) 1층 105-1호 (문현동),35.1371739911555,129.071584282441
송도센트럴파크점,"인천 연수구 인천타워대로 257  (송도동, 송도 아트포레 푸르지오 시티) B-107,108호",37.3937618144703,126.633308276601
카카오판교아지트점,"경기 성남시 분당구 판교역로 166  (백현동, 카카오 판교 아지트) 1층 13번유닛 (백현동, 카카오판교아지트점)",37.3919279358062,127.109674977769
인천길병원점,"인천 남동구 남동대로777번길 9  (구월동, 룩소르주상복합아파트) 102호 103호(구월동)",37.4517363084944,126.707113484131
역삼팁스타운점,서울 강남구 역삼로19길 7  (역삼동) 유니콘빌딩 지상1층,37.4957314707553,127.036846798016
서충주신도시점,충북 충주시 중앙탑면 원앙9길 18-1  (용전리) 1층 105호,37.0167055918323,127.82581740318
홍제점,서울 서대문구 세무서길 69  (홍제동),37.5910112065234,126.946526650159
상계롯데캐슬점,"서울 노원구 덕릉로 753  (상계동, 노원 롯데캐슬 시그니처) 105동 1층 2-3호",37.6658515931357,127.0763205024
미아사거리역점,"서울 강북구 월계로 43  (미아동, 앨리스고홈빌딩) 1층",37.6114796428849,127.034330149792
순천중앙점,"전남 순천시 황금2길 10  (남내동, 소매점, 필라골프)",34.9540874926479,127.485173835556
전주삼천점,전북특별자치도 전주시 완산구 삼천동1가 597-9,35.7988162860168,127.117290926106
백령도점,인천 옹진군 백령면 백령로 236  (진촌리),37.9687518205487,124.721107124466
마포월드컵북로점,"서울 마포구 월드컵북로 108  (성산동, 정인빌딩) 1층",37.5630844999254,126.914112015699
병점복합타운점,경기 화성시 병점노을7로 5  (진안동) 110호,37.2066006080147,127.028319505559
영도동삼점,부산 영도구 절영로 473  (동삼동),35.0705373656918,129.068186253605
전북고창점,전북특별자치도 고창군 고창읍 중앙로 126  (읍내리) 1층,35.4349711177095,126.689102531353
포이사거리점,"서울 강남구 개포로 202  (개포동, 석인빌딩) 102,103호",37.4781726909959,127.044983798146
부산시청점,부산 연제구 거제천로 110  (연산동),35.1836732355859,129.074518432465
용인둔전점,경기 용인시 처인구 포곡읍 포곡로108번길 13  (둔전리) 107호,37.2686475628606,127.218678421069
구미상모점,경북 구미시 박정희로2길 10  (상모동) 1층,36.0836801527163,128.352655607036
강릉종합운동장점,강원특별자치도 강릉시 춘갑봉길 12  (포남동),37.7736420521286,128.900955974183
화서역점,경기 수원시 팔달구 수성로157번길 1  (화서동) 1층,37.2863105437334,126.990061438238
신방화역점,"서울 강서구 마곡중앙5로 81  (마곡동, 에스비타운) 115호",37.5671170824829,126.818597219555
원지터미널점,경남 산청군 신안면 하정리 630-6  1층,35.302268231249,127.974567349707
통영무전점,"경남 통영시 무전5길 3  (무전동, 현대자동차)",34.8603253052632,128.426097053366
평택역점,경기 평택시 평택로39번길 2  (평택동),36.9909636738353,127.087315734866
부산못골점,"부산 남구 못골번영로 6  (대연동, 못골대중사우나)",35.1356750276482,129.08932307493
영덕중앙점,경북 영덕군 영덕읍 중앙길 75  (덕곡리),36.4101067720178,129.371663451638
대구이시아폴리스점,"대구 동구 팔공로 259  (봉무동, 프라임빌딩) 1층 106호",35.9220420665268,128.640794899972
일산후곡점,경기 고양시 일산서구 일산로 550  (일산동) 1층,37.67831847492,126.767306617534
영등포구청점,서울 영등포구 당산로 128-1  (당산동3가),37.5260585322421,126.896938186432
sk하이닉스점,"경기 이천시 부발읍 경충대로 2106  (아미리, 현대시티프라자)",37.2528091850149,127.489594693827
인천더블유병원점,"인천 미추홀구 인주대로 400  (주안동, 인천W여성병원) 1층",37.4509647448093,126.681165120112
시흥정왕점,"경기 시흥시 중심상가2길 12-8  (정왕동, 정왕주차타운) 1층 102호",37.345226063849,126.735921308886
제주화북점,제주특별자치도 제주시 일주동로 263  (화북일동) 1층,33.5206494077385,126.572954545903
칠곡북삼점,경북 칠곡군 북삼읍 북삼로8길 5  (인평리),36.0709170524648,128.33727182335
안양수촌마을점,경기 안양시 동안구 관양동 1380-6,37.4039026864505,126.954173004019
음성감곡점,충북 음성군 감곡면 장감로 132  (왕장리),37.1187094953346,127.637109511133
울산우정혁신점,울산 중구 종가6길 12  (우정동) 1층,35.5633064493221,129.312268871329
중랑구청점,서울 중랑구 봉화산로 218  (신내동) 1층,37.6073860355769,127.097061714442
신용산점,"서울 용산구 한강대로 95  (한강로2가, 래미안용산 더 센트럴) B223호",37.5288173852679,126.966653789116
경대동문점,"대구 동구 경대로 126  (신암동, 해링턴플레이스동대구아파트) 307동 104호",35.888901017855,128.617457947447
동의대점,"부산 부산진구 가야대로 538  (가야동, 가야 롯데캐슬 골드아너) 상가2동 109호",35.1532102220527,129.030537782842
부산신만덕점,부산 북구 덕천로 302  (만덕동),35.2093439332832,129.036856397975
간석올리브점,"인천 남동구 간석동 939-1  래미안자이아파트 상가 1층 109호, 110호",37.4588570153463,126.710598375913
행당점,서울 성동구 행당동 298-86,37.5606136613222,127.03265638973
문화충대병원점,대전 중구 문화로 214  (문화동),36.3156582788481,127.408729498873
둔산타임월드점,대전 서구 둔산로31번길 21  (둔산동),36.3526900980168,127.377259632171
서대전점,대전 중구 계백로 1703-1  (오류동),36.3215827609874,127.408690719015
남춘천점,"강원특별자치도 춘천시 경춘로 2364  (온의동, 강남병원) 1층",37.8643936432826,127.720689921108
대방역점,"서울 동작구 알마타길 6  (대방동, 파밀리에 하늘마루) 107호",37.5098570948466,126.924954157932
동춘점,"인천 연수구 앵고개로264번길 10-13  (동춘동, 대동빌딩) 1층",37.4075573832149,126.671760266509
대구시지광장점,대구 수성구 신매로19길 54  (신매동) 2층,35.8395632841797,128.706800923663
해운대장산점,"부산 해운대구 좌동로 96  (좌동, 블루스퀘어) A동",35.1722811210975,129.175614056554
거제홈플러스점,"경남 거제시 장평로 12  (장평동, 디큐브백화점) 지하1층",34.8910558081136,128.616402009975
제주아라점,제주특별자치도 제주시 중앙로 553  (아라일동) 1층,33.4738667957748,126.545883394233
과천중앙점,"경기 과천시 관문로 92  (중앙동, 힐스테이트 과천중앙) 1층",37.4297945568098,126.990295584667
대전복합터미널점,"대전 동구 동서대로 1689  (용전동, 대전복합터미널(서관)) 108호(서관 3번 게이트 옆)",36.3503349793975,127.436711042049
지타워몰점,"서울 구로구 디지털로26길 38  (구로동, G-Tower) B132 (202호)",37.4798477003537,126.895318461208
대구범어점,대구 수성구 범어로20길 39  (범어동),35.8580172967738,128.638003890671
부산사직운동장점,부산 동래구 아시아드대로161번길 90  (사직동),35.197120551423,129.060753735442
부산동아대점,부산 사하구 낙동대로 550  (하단동) 1층,35.1131906352265,128.964133310955
평택용죽점,경기 평택시 용죽2로 32-25  (용이동) 101호,36.9924464081657,127.124484254348
전주객사점,전북 전주시 완산구 고사동 25,35.8205647527143,127.145689944258
길동점,서울 강동구 길동 411-4  1층 1호,37.5359367717341,127.139605919244
수원경기대점,경기 수원시 영통구 대학로 28  (이의동),37.2987178611558,127.043159402822
광양덕례점,전남 광양시 광양읍 갈티로 46  (덕례리),34.9681713191141,127.566956095302
진주초전점,경남 진주시 초전북로61번길 16-3  (초전동),35.2100173546871,128.113897852404
부천원종점,경기 부천시 소사로 758  (원종동),37.5236927865812,126.805204311739
예산터미널점,"충남 예산군 예산읍 금오대로 35-13  (산성리) 1층 102,102호",36.6859315158613,126.850311142071
용인백암점,"경기 용인시 처인구 백암면 근창로 35  (근창리, 비두빌딩)  비두빌딩 1층",37.1634983896514,127.371140494099
대전월평점,"대전 서구 청사로 130  (월평동, 청사로프라자)",36.3595654887621,127.378408315284
당진문예의전당점,충남 당진시 무수동로 60  (읍내동),36.8880817971369,126.637366076437
부천상동점,"경기 부천시 상동로 112  (상동, 썬프라자)",37.5069954495643,126.753904286375
화성시청남양점,경기 화성시 남양읍 역골중앙로 14  (남양리) 102호,37.2022756276555,126.826450504177
