매장명,주소,위도,경도
부산국제물류산단점,부산 강서구 가락대로 699 (생곡동) 1층 일부호(생곡동),35.1370677220346,128.868588816693
다산현대캠퍼스몰점,경기 남양주시 다산순환로 20 (다산동) 다산현대프리미어캠퍼스 1층 제디씨01-020호,37.6125857877932,127.151716222848
서울 잠실르엘점,서울 송파구 올림픽로 329 (신천동) B1층 117,37.5161588169493,127.106659247528
거제장목마을점,경남 거제시 장목면 거제북로 1163-1 (장목리) 우측 하삼동커피,34.9872005881931,128.680813064329
양산서창점,"경남 양산시 서창서2길 2 (삼호동, 새마을금고) 1층 2-1호",35.4163539675977,129.172435661532
창녕대신새길점,경남 창녕군 남지읍 대신길 1 (남지리) 1층 하삼동커피,35.3886248289209,128.473353087096
인천영종운서역점,인천 중구 운서동 2803-1 메가스타 영종 2층 217호,37.4934353770054,126.49149218543
수원 경희대국제캠퍼스점,경기 수원시 영통구 영통동 1023-5 1층 101호,37.2483601682995,127.076742082513
창녕영산점,경남 창녕군 영산면 서리상촌길 321 (서리) 하삼동커피,35.456026357912,128.525968699967
김해대동산단점,경남 김해시 대동면 대동산단2로 106 (월촌리) 1층,35.2671910252799,128.995448169964
부산가내찬태광후지킨점,부산 강서구 화전산단3로 32 (화전동) 24동 1층,35.1080709478234,128.875814890578
울산대송점,울산 동구 학문로 87 (화정동) 1층,35.5037073005697,129.419581427486
울산선암대나리점,울산 남구 두왕로190번길 18-1 (선암동) 1층,35.5189222316827,129.313411617841
시흥은계호수공원점,"경기 시흥시 은계중앙로 250 (은행동, 은계호수타운2) 은계호수타운2 116, 117호",37.446185845659,126.803968654338
울산태화국가정원,울산 중구 태화강국가정원길 55 (태화동) 1층 하삼동커피,35.5536616841263,129.281881186663
부산기장월전점,"부산 기장군 기장읍 죽성로 378 (죽성리, 월전슈퍼) 1층 하삼동커피",35.238578946431,129.243050372071
통영중앙시장점,경남 통영시 통영해안로 341 (중앙동) 1층 하삼동커피,34.8449481947636,128.424804363551
인천청라국제도시점,"인천 서구 미래로 11 (청라동, 청라썬앤빌 에코스타) 청라썬앤빌에코스타 상가 104호",37.551682647848,126.618348550547
김해가동마을점,경남 김해시 한림면 한림로816번길 66 (가동리) 2동 1층,35.3353783695421,128.762771248045
포항세명기독병원점,경북 포항시 남구 포스코대로353번길 7 (대도동) 제1동 1층,36.0178904971546,129.362500587799
부산해운대마린시티점,"부산 해운대구 마린시티3로 23 (우동, 벽산이오렌지프라자) 1층 135호",35.1566471472902,129.146930632686
울산성안청구점,울산 중구 함월22길 6 (성안동) 101호 하삼동커피,35.5785061284111,129.318069916069
서울 서대문역점,서울 서대문구 충정로2가 78 중앙요양병원 1층,37.5652024417661,126.965463024173
부산강서대저점,부산 강서구 대저로 57 (대저1동) B동 1층(대저1동),35.2152826880812,128.958863541201
안산부곡종합시장점,경기 안산시 상록구 부곡동 685-10 프라움포레 A동 101호,37.3263130464487,126.859309743513
일산후곡학원가점,"경기 고양시 일산서구 일산로 547 (일산동, 일신1조합상가) 1층 101호",37.67767152858,126.767101305363
안성공도점,경기 안성시 공도읍 공도4로 11 (만정리) 101호,37.0011706529321,127.171676675783
양산물금동일점,"경남 양산시 물금읍 가촌서로 93 (가촌리, 양산 물금 동일스위트) 302동 104호",35.3230373652587,128.992287131168
울산하늘채라크뷰점,울산 남구 산업로355번길 45 (선암동) 1층 하삼동커피,35.5173982795017,129.336032839705
대전관저마치광장점,대전 서구 관저중로64번길 63 (관저동) 블루상가 103호,36.2980677320671,127.33826578694
대구팔거역점,대구 북구 팔거천동로 206 (동천동) 102호,35.9424205274595,128.558411947033
영덕터미널점,경북 영덕군 영덕읍 군청길 61 (덕곡리) 102호,36.414131825573,129.372515320168
울산북구대동점,울산 북구 천곡길 161 (천곡동) 107동 1층 107호,35.6386703005982,129.327902276418
창녕인교점,경남 창녕군 부곡면 온천로 1181 (수다리) 1층,35.4263209413786,128.64906908084
부산명지에코델타푸르지오린점,"부산 강서구 에코델타3로 43 (강동동, 에코델타시티 푸르지오 린) 근린생활시설 2-1동 101호",35.1428719245537,128.920043691156
창원대상힐스테이트점,경남 창원시 성산구 대상중앙로 10 (중앙동) 128동 107호,35.2237432287452,128.67107753092
화성수원대점,경기 화성시 봉담읍 와우로 112 (와우리) 하삼동커피 수원대점,37.2141541220793,126.978099831143
서울방배르엘점,서울 서초구 방배중앙로 8 (방배동) 하삼동커피 방배르엘점,37.4809615776779,126.993284859585
창원북면신촌점,경남 창원시 의창구 북면 신촌리 995-1 1층 하삼동커피,35.3454204772721,128.605446964139
인천계양병방점,"인천 계양구 계양산로215번길 14 (병방동) 1층, 2층",37.5485050666661,126.740857954632
울산서사시티프라디움점,"울산 울주군 범서읍 다운서사로 240 (서사리, 서사시티프라디움) 103호 하삼동커피",35.5938806430492,129.276918639
부산대학교북문점,부산 금정구 장전동 40 자유관 기숙사 1층 하삼동커피,35.2334617491952,129.080380563927
화성비봉상업지구점,경기 화성시 비봉면 간곡2길 8 (삼화리) 1동 108호,37.2479576773982,126.871905580161
시흥갯골생태공원점,경기 시흥시 섬말길 94 (장곡동) 시흥갯골생태공원 내 4동 1층 일부호,37.3914742775993,126.783952982442
충남아산신창점,충남 아산시 신창면 남성길 152-12 (남성리) 1층 102호,36.7908352440482,126.956416508511
충북서충주푸르지오점,충북 충주시 주덕읍 화개3길 46 (화곡리) 105호,37.0086126660638,127.816809470873
충북우석대진천캠퍼스점,"충북 진천군 진천읍 대학로 66 (교성리, 우석대학교 진천캠퍼스) 미래센터동 지하1층",36.8452703460677,127.436922366221
서울아차산역점,"서울 광진구 천호대로 671 (구의동, 파크타운) 1층 106호",37.5513392358641,127.090532462896
울산삼산공구월드점,울산 남구 정동로 15-1 (삼산동) 하삼동커피,35.5353440243003,129.343637707704
부산일광해수욕장점,"부산 기장군 일광읍 일광로 80 (삼성리, 해연반점) 하삼동커피",35.2633701467047,129.232856620827
창원동전산단점,경남 창원시 의창구 북면 동전리 713-5 하삼동커피,35.3159953892141,128.603411721189
부산반룡산단점,부산 기장군 장안읍 반룡리 906-3 하삼동커피,35.3297576762322,129.255604743809
대구서구청점,대구 서구 평리동 1087-31 1층 하삼동커피,35.8729601218159,128.557749306824
부산해운대아이파크점,"부산 해운대구 마린시티2로 38 (우동, 해운대아이파크) C1동 117호",35.157037795554,129.143328681551
목포하당현대점,전남 목포시 비파로 31 (상동) 1층 하삼동커피,34.8015644559949,126.427468185522
김해뜨란채사거리점,경남 김해시 함박로 55 (외동) 1층 하삼동커피,35.2330334398714,128.860245075699
양산물금역점,경남 양산시 물금읍 물금로 16 (물금리) 1층 하삼동커피,35.3077629431629,128.987767791734
대구안지랑역점,대구 남구 대명로 128 (대명동) 1층 하삼동커피,35.8391472400317,128.571576777049
부산다대푸르지오점,부산 사하구 윤공단로 136-1 (다대동) 1층 하삼동커피,35.0611503480718,128.973309844279
대구교동점,대구 중구 동성로 58 (동성로2가) 1층 하삼동커피,35.8719266175261,128.595862794263
경남밀양내이동점,경남 밀양시 백민로 60-1 (내이동) 1층 하삼동커피,35.4980416237443,128.747070830853
경남거제대교점,경남 거제시 사등면 거제남서로 5344 (덕호리) 1층 하삼동커피,34.8830133012054,128.478369351371
서울도곡점,서울 강남구 도곡동 518-10 1층,37.4824241958937,127.043039286912
남양주오남역점,경기 남양주시 오남읍 양지리 667 106호,37.7028182310995,127.192909030222
대구성서공단점,대구 달서구 성서공단로 69 (호림동) 1층 하삼동커피,35.8352093038002,128.490130036579
경주충효그린점,경북 경주시 충효녹지길 52 (충효동) 1층 하삼동커피,35.8422133587614,129.185356297767
경기화성비봉점,경기 화성시 비봉면 간곡6길 6-8 (삼화리) 101호,37.2480668609718,126.865307463026
서울성신여대입구역점,"서울 성북구 동소문로 98 (동소문동5가, 메디컬센터빌딩) 1층",37.5922520653915,127.01617250792
송도아크베이점,"인천 연수구 워터프런트로 150 (송도동, 더샵 송도 아크베이) 301동 1층 119",37.3992288565526,126.628727327175
경기수원오목천역점,"경기 수원시 권선구 삼천병마로 1563 (오목천동) 1, 2층 (오목천동)",37.2421199845751,126.962770534786
서울신길역점,"서울 영등포구 영등포로 347 (신길동, 베스트타워) 1층",37.5154611152724,126.917717577016
평택용죽점,경기 평택시 용죽2로 32-25 (용이동) 디하엔 1층 101호,36.9924464081657,127.124484254348
서울대입구역점,서울 관악구 관악로 148 (봉천동) 1층,37.4784570897706,126.952584285368
인천문학호산점,인천 미추홀구 소성로 317 (문학동) 1층 102호,37.4377630629322,126.682511769144
대구서남시장점,대구 달서구 당산로41길 38 (감삼동) 1층,35.8545374808553,128.545932533033
울산화정힐스테이트점,"울산 동구 화진길 100 (화정동, 힐스테이트 이스턴베이) 1층 1동 101호",35.4937725225038,129.422935393819
대구구지중앙점,"대구 달성군 구지면 과학마을로 42 (응암리, 오창빌딩) 103호",35.6555507132167,128.417989188782
김해불암점,경남 김해시 식만로 379 (불암동) 1층,35.2219083936591,128.925894166854
부산당감백산점,"부산 부산진구 백양순환로 51 (당감동, 백산아파트) 1층",35.1694055079507,129.033171845871
부산신평펜타플렉스점,부산 사하구 신산로 120 (신평동) 105호,35.0892780025994,128.968570830265
칠곡동명금암점,경북 칠곡군 동명면 금암1길 23 (금암리) 1층,35.9825663712689,128.55483529763
울산온산공단점,울산 울주군 온산읍 화산리 1011-4 하삼동커피,35.438570784096,129.334394397627
경기오산원동점,"경기 오산시 경기대로 155 (원동, 신한프라자A) 1층 107호",37.1386456909576,127.07311091148
밀양시청점,경남 밀양시 시청로 25 (내이동) 1층,35.504432367424,128.744487149364
진주성북봉곡점,"경남 진주시 촉석로 127 (봉곡동) 1층,158호",35.1937953951235,128.076284579334
김해율하더스카이시티점,경상남도 김해시 장유로 500 301동 J114호 (신문동),35.18453510666414,128.82279036357414
울산장생포고래박물관점,울산 남구 장생포고래로213번길 3 (장생포동) 1층,35.5028559182593,129.377325307687
김해삼계점,경남 김해시 삼계중앙로 31 (삼계동) 103호 일부(대흥빌딩),35.2607371634983,128.868309567667
동해시청점,"강원특별자치도 동해시 중앙로 242 (천곡동, 샘실빌딩) 1층 102호",37.5223143858312,129.114564650299
서울마포역점,"서울 마포구 삼개로 24 (도화동, 용현빌딩) 1층 105, 106호",37.5380766743398,126.947290085643
진주정촌예하리점,경남 진주시 정촌면 예하리  1397-5,35.1145798646446,128.104297637113
울산롯데시네마점,"울산 남구 삼산로 288 (삼산동, 롯데백화점, 울산고속버스터미널) 3층",35.5386226526119,129.338866778005
대구월성푸르지오점,"대구 달서구 조암로6길 20 (월성동, 월성푸르지오) 상가1동 1층",35.8291284926895,128.52602121332
서울압구정로데오점,서울 강남구 신사동  657-19,37.526097676358,127.037939508334
영덕강구시장길점,경북 영덕군 강구면 강구시장길 46 (오포리) 1층 102호,36.360376307377,129.377531279025
창원에일린의뜰점,경남 창원시 성산구 대원로 87 (대원동) 1층,35.2342773615178,128.651842286271
충주호암힐데스점,"충북 충주시 호암토성2로 1 (호암동, 호암 힐데스하임) B동 102호",36.9547411279707,127.933329482108
주식회사 하삼동 명지씨지브이직영점,"부산 강서구 명지국제8로10번길 38 (명지동) 제1동 101호(명지동,플러스시네마)",35.0943776683714,128.903500417281
서울금호역점,"서울 성동구 장터길 34 (금호동4가, 남지빌딩) 하삼동커피",37.5481743997868,127.019612621523
안양만안구청점,"경기 안양시 만안구 만안로 35 (안양동, 빌로채) 1층",37.386335581797,126.933874259452
통영죽림터미널점,경남 통영시 광도면 죽림4로 44 (죽림리) 하삼동커피,34.883639115228,128.418090865963
통영한진로즈힐점,"경남 통영시 무전1길 16 (무전동, 씨티빌딩) 1층 105호 하삼동커피",34.8612745006073,128.422239488539
대구경대병원점,대구 중구 달구벌대로 2211 (삼덕동3가) 하삼동커피,35.8629501393211,128.605149013889
울산번영센트리지점,"울산 중구 복산1길 1 (복산동, 번영로센트리지) 4단지동 1층 106호",35.5602341850597,129.327406105468
울산강동산하점,울산광역시 북구 산하중앙2로 283 하삼동커피,35.635654417460664,129.4380020125203
레이카운티점,"부산 연제구 아시아드대로 39 (거제동, 레이카운티) 2단지 상가동 1층 112호 하삼동커피",35.1899959215514,129.066108752828
구미봉곡도량점,경북 구미시 봉곡로 176 (봉곡동) 1층 101호,36.1544781741001,128.31104176893
김해주촌강변점,경남 김해시 주촌면 천곡리 9-2 하삼동커피,35.2397988097449,128.83081820901
대구알파시티점,대구 수성구 대흥동 844-2 하삼동커피,35.8366349954111,128.682624567719
녹산중앙점,부산 강서구 녹산산단335로 24-8 (송정동) 1층 118호 하삼동커피,35.0906958438217,128.854942556515
오시게로점,부산 금정구 오시게로42번길 3 (부곡동) 1층 하삼동커피 오시게로,35.2211571107892,129.087653059224
김해율하2지구점,경남 김해시 율하6로 60 (장유동) 1층 104호,35.1723079610453,128.824022845759
순천조례봉화점,전남 순천시 봉화로 273 (조례동) 1층,34.9582208547406,127.519815521799
울산양정힐스점,"울산 북구 염포로 459 (양정동, 양정힐스테이트) 상가동 1층 하삼동커피 울산양정힐스점",35.551982722704,129.383124566421
인천연수점,"인천 연수구 먼우금로188번길 17 (연수동, 선우빌딩) 1층",37.4136526063789,126.677071783211
나사렛동춘점,"인천 연수구 앵고개로 242 (동춘동, 제일빌딩) 지상1층 111호",37.4086563679205,126.67082587945
송도퍼스트파크점,인천 연수구 컨벤시아대로230번길 54 (송도동) 닥터플러스몰 A138호,37.3890111897813,126.634032775089
송도학원가점,"인천 연수구 신송로 153 (송도동, 더 마란츠타워) 110호",37.3971700445042,126.649150139263
송도센트럴파크점,"인천 연수구 인천타워대로 257 (송도동, 송도 아트포레 푸르지오 시티) B-103호",37.3937618144703,126.633308276601
송도타임스페이스점,"인천 연수구 하모니로 158 (송도동, 송도타임스페이스) D동 1층 126호",37.3832947004154,126.64225604799
송도랜드마크시티점,"인천 연수구 랜드마크로 68 (송도동, 랜드마크시티센트럴더샵) 301동 13호",37.4151172407027,126.618222141856
영남대병원점,대구 남구 중앙대로29길 13 (대명동) 1층 하삼동커피,35.8459623984881,128.589466064702
제천백운리솜점,충북 제천시 백운면 천등박달로 1342 (평동리) 하삼동커피,37.1377991060511,128.023794722969
시화로데오점,"경기 시흥시 중심상가3길 9 (정왕동, 청진프라자) 107호",37.345150064395,126.737196855313
시흥능곡역점,"경기 시흥시 장현능곡로 184 (능곡동, 능곡프라자) 106호",37.3694021885167,126.810658162277
시흥장현점,"경기 시흥시 황고개로 526 (장곡동, 중앙프라자) 111호",37.3776119855081,126.789208190438
시흥정왕점,"경기 시흥시 정왕대로 56 (정왕동, 세종월드 빌딩) 1층 112호",37.3545169532043,126.723018122507
시흥월곶점,"경기 시흥시 월곶중앙로 71 (월곶동, 센타프라자) 센타프라자 1층 113호",37.3889633935965,126.737300442745
배곧SK점,"경기 시흥시 배곧3로 27-7 (배곧동, 시흥배곧 에스케이뷰) 상가2동 104호",37.375351414565,126.72305409271
배곧호반써밋점,"경기 시흥시 서울대학로278번길 19-13 (배곧동, 시흥배곧 C1 호반 써밋플레이스) 107동 A-103호",37.3705044199436,126.727970634048
배곧한라비발디점,"경기 시흥시 배곧1로 27-15 (배곧동, 한라비발디캠퍼스) 상가3동 1층 102호",37.3653496024812,126.712516180176
인천서창점,"인천 남동구 서창남순환로 223 (서창동, 아페리온) A동 126호 하삼동커피 인천서창점",37.4248208650094,126.748921233075
인천논현역점,"인천 남동구 논고개로 121 (논현동, 에스닷몰) 1층 106호 하삼동커피 인천논현역점",37.4019303986998,126.723770954923
인천호구포역점,"인천 남동구 호구포로 217 (논현동, H Tower) 1층 102호 하삼동커피 인천호구포역점",37.4024391401766,126.709495417448
인천남동공단점,"인천 남동구 남동서로236번길 30 (논현동, 논현2차푸르지오시티) 1층 116호 하삼동커피 인천남동공단점",37.4095689846042,126.695111543923
인천주안점,"인천 미추홀구 경인로 372 (주안동, 포레나 미추홀) 201동 1층 1005호 하삼동커피 인천주안점",37.4580182017435,126.681163207516
인천부평점,인천 부평구 부평대로 17-1 (부평동) 1층 하삼동커피 인천부평점,37.4929955232219,126.722690851836
인천산곡점,"인천 부평구 마장로272번길 54 (산곡동, 예향스포츠센타) A동 1층 하삼동커피 인천산곡점",37.5021233154766,126.706176924585
산곡중앙점,인천 부평구 세월천로 77 (산곡동) 1층 하삼동커피 산곡중앙점,37.5132447869678,126.700775460739
인천삼산점,인천 부평구 후정로 4 (삼산동) 1층 하삼동커피 인천삼산점,37.5202720508211,126.733068343248
갈산유원테크노점,"인천 부평구 주부토로 236 (갈산동, 인천테크노밸리 U1센터) C동 1층 하삼동커피 갈산유원테크노점",37.5158580433375,126.726800852864
부평그랑힐스점,"인천 부평구 산청로 97 (청천동, e편한세상부평그랑힐스) 상가동 1층 하삼동커피 부평그랑힐스점",37.5190073416627,126.700963642402
인천북항점,"인천 서구 북항로32번안길 41 (원창동, 건원프라자) 1층 하삼동커피 인천북항점",37.5095282663096,126.646698314886
청라시티타워점,"인천 서구 청라한내로72번길 23 (청라동, 쓰리엠파크) 1층 하삼동커피 청라시티타워점",37.532035621874,126.630234090519
인천검단점,"인천 서구 이음5로 70 (원당동, 새샘프라자) 1층 하삼동커피 인천검단점",37.5948102333953,126.715466631964
인천루원시티점,"인천 서구 봉오재3로110번길 7 (가정동, 가정봄프라자) 1층 하삼동커피 인천루원시티점",37.5267388647695,126.672028639431
청라지식산업센터점,인천 서구 중봉대로 490 (청라동) 1층 141호 하삼동커피 청라지식산업센터점,37.5227614575062,126.650465263705
연안부두점,인천 중구 연안부두로33번길 36 (항동7가) 1층 7호 하삼동커피 연안부두점,37.4535705820321,126.605762406773
인천구월아시아드,"인천 남동구 선수촌공원로 36 (구월동, 더블루시티) 1층 110호 하삼동커피 인천구월아시아드점",37.4421653122498,126.710549332736
인천구월점,인천 남동구 문화로 59 (구월동) 1층 하삼동커피 인천구월점,37.4443291632988,126.698645259572
인천간석올리브점,"인천 남동구 석산로 143 (간석동, 오성빌딩) 1층 하삼동커피 인천간석올리브점",37.4605377520125,126.707849570033
부천중동점,"경기 부천시 원미구 중동로 244 (중동, 상록센트럴타워) 105호",37.5015609170006,126.76905594491
익산부송점,"전북특별자치도 익산시 부송1로 110 (부송동, 오페라하우스) 하삼동커피",35.9580957638966,126.99437310356
시흥배곧고점,"경기 시흥시 배곧4로 87 (배곧동, 베스트프라자) 102호",37.374597699316,126.73340139468
춘천온의풍물시장점,강원특별자치도 춘천시 춘천로17번길 31 (온의동) 106호 하삼동커피,37.8671827577502,127.718625086682
동해이도코아루스카이점,"강원특별자치도 동해시 동해대로 4833 (이도동, 동해 이도 코아루 더스카이) 120동 101호 하삼동커피",37.4772387297517,129.111600764039
일산백마학원가점,"경기 고양시 일산동구 일산로 197 (마두동, 센터21) 1068~1071호 하삼동커피",37.6539721011725,126.789899340669
천안두정역점,충남 천안시 서북구 두정동 1498 101호 하삼동커피 천안두정역점,36.8331567256569,127.143625296273
안산한신더휴점,경기 안산시 단원구 선부동 992-2 상가동 109호 하삼동커피 안산한신더휴점,37.3382674211726,126.804154799765
초지로사거리점,"경기 안산시 단원구 광덕1로 61 (초지동, 신명프라자) 107호 하삼동커피 초지로사거리점",37.3088021600392,126.816353679712
화성향남점,"경기 화성시 향남읍 행정중앙2로 33 (행정리, 성지프라자) 103호 하삼동커피 화성향남점",37.1300138138195,126.919155206571
충북금왕점,충북 음성군 금왕읍 무극로 247 1층 하삼동커피,36.9920077646481,127.589046519014
태안점,충남 태안군 태안읍 동문1길 38 1층,36.7493312107765,126.303095636849
안산성포점,경기 안산시 상록구 예술광장1로 126 1층 108호,37.3269285724473,126.84416200912
평촌역점,경기 안양시 동안구 관평로170번길 43 훼미리타운 1층 130호,37.3933193690503,126.963172221695
잠실점,서울 송파구 석촌호수로 134 109호,37.5070970089198,127.091927935138
안산원곡점,경기 안산시 단원구 원곡로 41 1층 하삼동커피 안산원곡점,37.3309518356501,126.793019996836
안산한대앞역점,경기 안산시 상록구 중보로 47 101호,37.3075085759833,126.851856970184
화성새솔점,경기 화성시 노들길 6-16 하삼동커피,37.2805228135565,126.819305014432
안산선부점,"경기 안산시 상록구 본삼로 44 상가2동 109호, 110호",37.30070090488,126.864892318037
안산그랑시티자이2차점,경기 안산시 상록구 해양5로 11 그랑시티2차상가 128호 하삼동커피,37.2804150846526,126.83307519864
안산그랑시티자이점,경기 안산시 상록구 해양1로 199 P동1층 162호 하삼동커피,37.282003350733,126.828353595632
안산중앙점,경기 안산시 단원구 예술대학로 141 101호,37.3295458118773,126.838263534523
안산월피점,경기 안산시 상록구 월피로 22 현대2차아파트상가 A동 1층 12호,37.330958623454,126.8488917667
안산초지점,경기 안산시 단원구 연수원로 4 태인드림씨티 오피스텔 B101호,37.3143759477525,126.798361127947
안산센트럴포레점,경기 안산시 단원구 원선1로 15 e편한세상센트럴포레 상가1동 126호,37.3250286508238,126.80165439807
제천장락점,충북 제천시 장락로 155,37.1557148150779,128.226337916008
수택중앙점,경기 구리시 체육관로80번길 19 107호 하삼동커피,37.5919147864669,127.139024366508
미사강변푸르지오점,경기 하남시 미사강변대로 165-1,37.5647869002875,127.183114295059
의정부민락점,경기 의정부시 배꽃길 105 1층,37.7472315346552,127.119245672289
안산중앙로데오점,경기 안산시 단원구 예술대학로 17 1층 하삼동커피,37.3186915641078,126.836518384424
평택비전점,경기 평택시 평남로 941 1층,37.0046158858589,127.104180260646
동백역점,경기 용인시 기흥구 동백3로11번길 8 111호 하삼동커피 동백역점 1층,37.269632288231,127.153587726209
용인외대모현점,경기 용인시 처인구 모현읍 백옥대로 2386 1층,37.3364513572145,127.249743116282
경안점,경기 광주시 광주대로55번길 6 1층,37.4120804009913,127.259509142764
대전법원점,대전 서구 둔산중로 66 1층 115호 하삼동커피 대전법원점,36.3526384723335,127.387256579221
익산원광대점,전북 익산시 동서로5길 97 1층,35.960842750309,126.958300484381
아산탕정점,충남 아산시 탕정면 한들물빛도시로 70 D동 118호,36.7851754497874,127.084673266115
청주강서점,충북 청주시 흥덕구 서현동로 17 1층 하삼동 커피,36.6237254152522,127.42955842977
충주기업도시점,충북 충주시 중앙탑면 원앙9길 15 A-2동 125호 하삼동커피,37.0157412993212,127.825918770774
전주혁신점,전북 전주시 덕진구 기지로 72 1층 109호,35.838088089086,127.059962055226
모현점,전북 익산시 선화로3길 31-5 1층,35.9516238180789,126.939715177312
군산수송점,전북 군산시 수송로 212 1층,35.963770587667,126.718874635769
구남점,부산 북구 백양대로 1014 삼정그린코아 1층 105호,35.1961369417659,128.994854925517
양정스위첸점,부산 부산진구 양연로 36 1층,35.1723960004205,129.079723130345
부산가야점,부산 부산진구 엄광로 137 1층,35.1475282296109,129.029867739525
서면문화로점,부산 부산진구 새싹로 29번길 17 1~2층,35.1600615422367,129.05601949202
진구청점,부산 부산진구 시민공원로 11 1층,35.1634984252679,129.050697797136
서면아이파크점,부산 부산진구 동성로 50 1층,35.1551400379108,129.068740212481
양정현대점,부산 부산진구 동평로 350 1층,35.1744937148905,129.063241490209
양정점,부산 부산진구 거제대로 26 1층,35.1715683917271,129.068601210916
서면NC점,부산 부산진구 동천로 91-1 1층,35.1569600445101,129.062133985979
서면동일파크스위트점,부산 부산진구 동평로 162 서면동일파크스위트 3차 상가 1동 103호,35.165417735262,129.045944837845
서면부전점,부산 부산진구 중앙대로 783번길 8 1층,35.1623576443501,129.062361351657
초읍어린이대공원점,부산 부산진구 새싹로 286 1층,35.1816739245694,129.047297470806
초읍점,부산 부산진구 성지로 91 1층,35.1785571691662,129.053066227442
개금점,부산 부산진구 가야대로 456 1층,35.152901445407,129.021899841718
부암점,부산 부산진구 백양산로 55 1층,35.173808738406,129.03079023804
가야벽산점,부산 부산진구 엄광로 62 1층,35.1478813761029,129.022931272808
한신센타뷰점,부산 부산진구 가야대로 597 1층,35.1551481825055,129.036999074696
낙민점,부산 동래구 온천천로 339번길 51 1층,35.196597853658,129.090761438022
동래래미안점,부산 동래구 충렬대로 107번길 104 1층,35.2113508810855,129.073490317896
명장역점,부산 동래구 반송로 273번길 2 1층,35.2059409006853,129.101215043535
동래시장점,부산 동래구 충렬대로 239 1~2층,35.2016440909638,129.08563369197
안락SK점,부산 동래구 충렬대로 459번길 21 1층,35.1959878418531,129.109440580258
미남반도보라점,부산 동래구 아시아드대로 234 1층,35.2039470982169,129.069040555868
허심청점,부산 동래구 온천장로 81-1 1층,35.2186330863568,129.082265610144
사직롯데캐슬점,부산 동래구 아시아드대로 146번길 1 1층,35.1979289530595,129.066738517174
미남점,부산 동래구 여고로 113번길 78 1층,35.2019348398411,129.074067807465
명륜천일스카이원점,부산 동래구 명륜로 151 1층,35.2073040131714,129.08167812576
e편한세상명장점,부산 동래구 명장로 64번길 6 1층,35.2044909668355,129.10773929204
안락점,부산 동래구 충렬대로 359번길 15 1층,35.1987461306926,129.098165709501
금정초등학교점,부산 금정구 금강로 206-16 1층,35.2265108074847,129.083309598828
장전점,부산 금정구 금정로 151-1 1층,35.2382313353176,129.087679003844
부산금사점,부산 금정구 금사로 80 1층,35.2198552453364,129.111573968951
부산대점,부산 금정구 금정로 68번길 28 1층,35.2303438495831,129.087888911485
범어사점,부산 금정구 금강로 711 1층,35.2709767747416,129.088899010598
구서SK점,부산 금정구 수림로72번길 116 1층,35.2446028484754,129.086986664836
부산남산점,부산 금정구 금강로 643 1층,35.2648714135486,129.08844689345
구서롯데캐슬점,부산 금정구 금강로 503 1층,35.2526906391923,129.086494892033
장전퀸즈점,부산 금정구 부곡온천천로 190 1층,35.2423296835377,129.090547632939
두실점,부산 금정구 중앙대로 1945번길 23-29 1층,35.2565649760576,129.090015457748
서동시장점,부산 금정구 서동로 147 1층,35.2150718742119,129.102688043509
수원정자점,경기도 수원시 장안구 정자동 878-6 선일프라자 1층,37.2948042621845,126.993954222808
시흥은행점,경기 시흥시 대은로 80 하이런빌딩 102호,37.4442428181712,126.797401099736
탄현점,경기 고양시 일산서구 일현로 53 1층,37.6919508591464,126.763002742052
금릉역점,"경기도 파주시 금빛로 12 (금촌동,삼성프라자) 1층 103호",37.7511324699224,126.767221193146
고대안암역점,서울시 성북구 고려대로 89 안암역 지하 1층 (지하철 역사내),37.5864696091911,127.0291828742
신림난곡점,서울시 관악구 법원단지길 28 우석빌딩 1층,37.4741658821631,126.919248807252
마포구청점,"서울시 마포구 월드컵로 204, 111호(성산동, 이안상암) 1층",37.5653992058145,126.9021317644
춘천후평점,강원도 춘천시 춘천로 296번길 4 1층,37.8809876026982,127.745860802769
동해쇄운점,강원특별자치도 동해시 청운1길 52 1층 103호,37.4859529290389,129.108942922435
광교법조타운점,경기 수원시 영통구 광교중앙로266번길 20 (하동) 1층 106호,37.292828174544,127.068651255965
병무청역점,서울 영등포구 여의대방로 43길5 1층,37.5061364625858,126.921860896682
동탄호수공원점,경기도 화성시 동탄대로 5길 9 1050호,37.1676369141634,127.105798518213
신풍역점,서울 영등포구 신풍로 8길 3 1층,37.4996969924488,126.910576449066
망포힐스점,경기도 수원시 영통구 망포로 136 1층 109호,37.24100322776,127.048661356688
수원성균관대점,경기도 수원시 장안구 서부로 2126번길 17 1층 A동 상가 3호,37.2980374691195,126.972855322199
수원호매실점,경기도 수원시 권선구 금곡로 213 딜라이트 1차 101호,37.2748512929492,126.953643839836
동탄카림점,"경기도 화성시 동탄대로 시범길 134(청계동, 동탄역시범반도유보라아이비파크4.0) 판매시설 1143호 1층",37.1990328379764,127.113063831502
동탄삼성반도체점,경기도 화성시 삼성1로 160 1층 105호,37.2182078853635,127.077875045432
시흥센트럴푸르지오점,"경기 시흥시 수인로 3312번길 16 105동 앞 상가 A102,103",37.4401230269917,126.788655329604
시흥은계점,경기 시흥시 은계번영길 1 113호,37.436560703562,126.801608573148
군포송정점,경기도 군포시 송부로 36 105호,37.3156089046746,126.918460494423
금촌점,경기 파주시 아동로 2-1 1층,37.7637882160792,126.775242036608
부천세무서점,경기 부천시 원미구 신흥로 264 1층,37.5071068705351,126.775509091907
부천상동점,경기 부천시 원미구 상동로 105 1층,37.5066933166706,126.752812737564
부천옥길점,경기 부천시 소사구 양지로 208 지음프라자 105호,37.4672804603163,126.824033265296
부천소사역점,"경기도 부천시 경인옛로 25 103동 제지 1층 B122호(소사본동, 한신더휴 메트로)",37.4818347927871,126.794907702402
김포구래점,경기도 김포시 김포한강8로 396 103호,37.6432763174169,126.625110701016
김포사우점,경기 김포시 사우중로 45 김포코아센터 1층 110호,37.6192302071042,126.718503460762
원흥점,경기도 고양시 도래울로 104 kb 골든타워 1층 110호,37.6344225376522,126.871991595755
고양화정점,경기 고양시 덕양구 백양로 51 네이버타운 1층 101호,37.6303059255628,126.833248267951
고양향동점,"경기도 고양시 덕양구 향기로 115, 봄프라자 114호",37.6000533458217,126.893652211007
행신점,경기 고양시 덕양구 무원로 32 (행신동) 1층 103호 (행신동),37.6156762122242,126.832521618346
강남대치점,서울 강남구 삼성로212 은마상가 1층 164호,37.4996157705058,127.065915414443
시흥사거리점,서울 금천구 시흥대로 225 제이타워 111호,37.4537894156684,126.900461934958
광명철산점,"경기도 광명시 철산로23, 대광빌딩 1층",37.4766268143234,126.868494822659
까치산점,서울특별시 강서구 강서로 18길 24 1층,37.5338522147353,126.84700901848
구로구청점,서울 구로구 가마산로 271 1층,37.4963996027511,126.890291049446
구로개봉점,서울시 구로구 개봉로 72 1층,37.4920105958203,126.856325030026
가재울점,서울 서대문구 거북골로 100 래미안루센티아아파트 상가 12호,37.5757256799627,126.918353630124
서울미아점,서울시 강북구 도봉로 40 1층,37.6125920819171,127.030433727904
가술산단점,"부산 해운대구 APEC로 17 (우동, 센텀리더스마크) 1층",35.1659324519479,129.132411521392
대구동성로점,대구 중구 동성로1길 29-10 1층,35.8669175147019,128.595361563837
원평점,경북 구미시 구미중앙로17길 21 (원평동) 1층,36.1295422123643,128.334723386108
평리뉴타운점,"대구 서구 서대구로29길 30 (평리동, 서대구역화성파크드림) 1층 4호",35.87051784661,128.546661241202
칠성점,대구 북구 호암로 28-3 (칠성동2가) 101호,35.8821021905544,128.59378876211
울진후포점,경북 울진군 후포면 삼율6길 7 1층,36.6790619146054,129.440617369465
영천망정점,경북 영천시 망정1길 174 111호,35.9814122809116,128.951701888907
포항죽도점,경북 포항시 북구 중흥로 251 1층,36.0256204666226,129.359646786476
포항초곡점,경북 포항시 북구 흥해읍 초곡지구로58번길 20 (초곡리) 1층 103호,36.0966131516495,129.33765099758
포항오천점,경북 포항시 남구 오천읍 정몽주로 481-16 1층,35.9628394858009,129.412952663306
지곡점,경북 포항시 남구 효자동길6번길 7 (효자동) 1층,36.0083681703418,129.330726687073
포항양덕점,경북 포항시 북구 양덕로 48 1층,36.0828944451281,129.402153831308
포항효자점,경북 포항시 남구 효성로 33 1층,36.0064156175212,129.337390434008
북삼오태점,경북 칠곡군 북삼읍 금오대로 288 (인평리) 1층,36.0705470001187,128.348590333413
신평점,"경북 구미시 구미대로 399 (신평동, 신평상가) 1층 105호",36.1226482766705,128.362537539437
황상점,경북 구미시 인동중앙로 19 (황상동) 1층,36.1071705410522,128.421001580924
옥계점,경북 구미시 옥계북로 40 (옥계동) 1층,36.138044747084,128.421802150976
상모점,경북 구미시 상사서로 35 (상모동) 1층,36.0857259966624,128.355337046473
확장단지점,경북 구미시 산동읍 신당1로2길 14 (신당리) 1층,36.1553251578434,128.432314444649
대구동인동점,대구 중구 국채보상로139길 4 1층,35.8691956915109,128.606550408689
대구검단점,대구 북구 검단로 135 1층 115호,35.9087309428126,128.621547555621
칠곡읍내점,대구 북구 구암로 103 (읍내동) 1층,35.9324505547313,128.552052281722
동변점,대구 북구 동변로 100 (동변동) 1층,35.9213196452048,128.602257533134
하양점,경북 경산시 하양읍 서사도리4로 2 (양지리) 101호,35.9187294400796,128.808760824419
경산사동점,경북 경산시 백양로33길 10 1층,35.8121523077062,128.759608712377
펜타힐즈점,경북 경산시 펜타힐즈2로 37 (중산동) 103호,35.8274631538473,128.718679931924
신천점,"대구 동구 신암로16길 16 (신천동, 가람타운) 1층 3호",35.87608562271,128.609942905551
대구지산범물점,대구광역시 수성구 지범로31길 5 (지산동),35.8226089900792,128.638833175262
대구범어점,"대구광역시 수성구 동대구로 346,지하 1층 3-4호 (범어동, 범어서한포레스트)",35.8612187886377,128.627209069812
시지매호점,"대구 수성구 천을로 170 (매호동, 시지태왕2차아파트) 1층",35.841786008181,128.708798171736
수성점,대구 수성구 수성로76길 4 (수성동2가) 1층,35.8572751203961,128.614185738594
담티역점,"대구 수성구 달구벌대로 2670 (만촌동, 한겨레빌딩) 1층",35.8546940785106,128.653349624526
사월점,"대구 수성구 달구벌대로669길 80 (사월동, 시지대성유니드아파트) 106호",35.8389593980904,128.720286515775
대구두산점,대구 수성구 청수로26길 36 1층,35.8381120930043,128.622076983328
산격점,"대구 북구 동북로 163 (산격동, 산격대우아파트) 103호",35.8989133854091,128.61251901581
연경중앙점,대구 북구 연경중앙로3길 21 1층 109호,35.9431744968442,128.616299945255
칠곡학정점,대구 북구 학남로3길 38 (학정동) 1층,35.9519605021642,128.567820333054
침산점,대구 북구 침산남로 175 (침산동) 1층,35.8876951983598,128.594855428678
대구동천점,,,
반야월점,대구 동구 경안로 749 (동호동) 1층,35.8690335617416,128.713052771456
대구연경점,,,
동대구점,"대구 동구 동부로26길 5 (신천동, 부띠끄시티 테라스) 109호",35.8754840430922,128.628189500117
대구율하점,,,
평리점,"대구 서구 서대구로 77 (평리동, 평리청구타운) 104호",35.864200453662,128.555674671406
대구내당점,대구 서구 달구벌대로361길 108호,35.8619291324211,128.56112516856
청라언덕역점,대구 중구 남산로17길 10 (남산동) 102호,35.8636273539502,128.581644718813
남산점,"대구 중구 중앙대로 303 (남산동, 라파엘 빌딩) 1층",35.8604446509535,128.591805174776
현풍테크노점,"대구 달성군 현풍읍 테크노중앙대로 243 (중리, 타임스퀘어) 104호",35.6921390334867,128.457390532274
대구다사역힐스테이트점,"대구 달성군 다사읍 매곡로12길 22 (매곡리, 힐스테이트 다사역) 112호",35.8653540219288,128.455207520655
테스노폴리스점,"대구 달성군 유가읍 테크노상업로 120 (봉리, 엠스퀘어플러스) 1층 144호",35.6930633080128,128.462900757148
다사점,"대구 달성군 다사읍 대실역북로1길 6 (매곡리, 죽곡휴먼시아1단지) 1층 101호",35.8595006843124,128.466081147027
대구죽전점,대구 달서구 달구벌대로 1525 1층 101호 하삼동커피 죽전점,35.8501541302489,128.533901237774
대구용산점,대구 달서구 용산로 192,35.8545953110128,128.530861575651
호산점,대구 달서구 성서공단로11길 64-1 (호산동) 1층 106호,35.8410460762444,128.488352858818
이곡점,대구 달서구 선원로 195 (이곡동) 1층,35.8591794581505,128.513933288051
대구도원점,대구광역시 달서구 도원로 20,35.8079889008884,128.535510739936
대구월성점,대구 달서구 조암남로 48,35.8220708188029,128.527367453305
진천역점,"대구 달서구 월배로 80 (진천동, 진천역대성스카이렉스아파트) 1층",35.8135993354302,128.523885273978
상인역3번출구점,대구 달서구 월배로 220 1층,35.8185769596389,128.537527993379
대구상인점,대구 달서구 상인서로 65 208동 103호,35.8155625542004,128.543007926083
대구대곡점,대구 달서구 한실로6길 98 1층,35.799007470696,128.529248843721
대구월배점,부산 금정구 서동로 147 1층,35.2150718742119,129.102688043509
신월점,경남 창원시 성산구 신월로 54 1층,35.2274039830966,128.692923068401
창원남양점,"경남 창원시 성산구 가음로13번길 33, 1층",35.2130851573475,128.700971634857
구포점,부산 북구 낙동대로1762번가길 23 1층 1호,35.2079327310976,129.001899222924
진해남원로타리점,경남 창원시 진해구 중원로 20 1층,35.1458301268241,128.659324588086
창원남산터미널점,경남 창원시 성산구 정동로162번길 61 1층 105호,35.2018996953508,128.69709260741
창원소계점,경남 창원시 의창구 소계로 91-2 1층,35.2573088400069,128.598783522062
창원롯데센텀골드점,경남 창원시 마산회원구 양덕로 48 상가2동 202호,35.2246437503717,128.590873091606
창원SK테크노파크점,경남 창원시 성산구 완암로 50 넥스동 지하1층 B113호 일부호,35.2056242980085,128.663752770307
가술산단점,경남 창원시 의창구 대산면 가술산단로 28 1동 101호,35.3314223934794,128.70584699528
합성동터미널점,경남 창원시 마산회원구 양덕북4길 17 1층 103호,35.2371400652029,128.582969004947
메트로센텀점,경남 창원시 마산회원구 용마로 130 1층 105호,35.2235828924158,128.586088347381
창원롯데캐슬점,경남 창원시 마산합포구 노산서18길 80 롯데캐슬프리미어 1층 19호 교방점,35.2153821262515,128.564962694826
창원동읍점,경남 창원시 의창구 동읍 동읍로 6-1 1층 2호,35.2779405522314,128.684821017952
스마트업점,경남 창원시 의창구 차룡로48번길 44 스마트업타워 1층,35.2411544782794,128.631390569763
창원성주점,경남 창원시 성산구 삼정자로43번길 8 1층 102호,35.1987709387954,128.711023808892
사파동성점,경남 창원시 성산구 창이대로 733 사파동성아파트 상가 1층,35.2194766939923,128.70218850738
상남2호점,경남 창원시 성산구 마디미로64번길 1 1층,35.2193096070602,128.681642576979
창원도계점,경남 창원시 의창구 하남천서길5번길 2 1층 103호 하삼동커피 창원도계점,35.2597369725558,128.638233279631
창원중앙점,경남 창원시 성산구 용지로133번길 3 한서빌딩 1층 하삼동커피,35.2273145686238,128.679399046537
창원반림점,경남 창원시 성산구 원이대로473번길 21 반림상가 1층 104호,35.2355818067391,128.67015910066
창원감계점,경남 창원시 의창구 북면 감계로110번길 53 1층,35.3012049564192,128.593197244085
의창구 대산점,경상남도 창원시 의창구 대산면 진산대로 410 1층,35.3361042249782,128.709303709431
소답점,경남 창원시 의창구 의창대로247번길 35 1층,35.2648484053763,128.625099285372
창원대방점,경남 창원시 성산구 대정로 138 1층,35.211748989648,128.707629787663
창원중앙역점,경남 창원시 의창구 용동로 85 한마음빌딩 1층,35.2384617507574,128.700767998314
창원명서점,경남 창원시 의창구 도계로 135 두산위브주상가 1층 104호,35.2531379615303,128.643057908581
삼성병원점,경남 창원시 마산회원구 팔용로 149 1층 하삼동커피,35.2424335255295,128.590529882874
가음정라포레점,경남 창원시 성산구 창원대로 888 1층,35.2087938761328,128.684884477157
창원상남점,경남 창원시 성산구 마디미로3번길 2 대웅빌딩 1층 102호,35.2235172411815,128.685709300728
마산합성점,경남 창원시 마산회원구 양덕로 146 1층,35.2315704628514,128.58384263569
창원토월점,경남 창원시 성산구 동산로 122 스카이웰빙파크 1층,35.2189963854301,128.690953952905
창원신촌점,경남 창원시 성산구 신촌로 84 A-나동 1층 105호,35.2022251621062,128.628157272017
가음정점,경남 창원시 성산구 대정로 36 1층 4호,35.2075341448965,128.698921726922
창원팔용점,경남 창원시 의창구 팔용로 438 팔용종합상가 1층 115호,35.2553368324358,128.613503118306
유니시티점,경남 창원시 의창구 중동로 60 1층 111호,35.2547941444632,128.629035687822
어시장점,경남 창원시 진해구 용원동로 261 하삼동커피 어시장점 1층,35.0962914102419,128.81990516402
진해화천점,경남 창원시 진해구 중원로86번길 28 1층,35.1515250981477,128.663077675762
진해점,경남 창원시 진해구 냉천로 49 석동사거리 1층,35.151678968455,128.702806589293
진해장천점,경남 창원시 진해구 충장로657번길 20 1층 104호,35.1305737505539,128.705735589765
용원점,경남 창원시 진해구 용원서로31번길 11 1층,35.1005197682408,128.811721135483
진해여좌점,경남 창원시 진해구 여좌남로24번길 1 1층,35.1550263031539,128.658462601407
진해석동점,경남 창원시 진해구 진해대로 762 1층,35.1581646243334,128.698757554273
자은점,경남 창원시 진해구 풍호로49번길 5-12 1층 102호,35.1404419319503,128.705453033025
진해남문점,경남 창원시 진해구 남영로 41 남문프라자 1층 107호,35.1061042680606,128.750349468153
경주중앙점,경주시 금성로 308 1층,35.8450692329185,129.207249902872
경주금장점,경북 경주시 용담로174 성호마루한뷰상가 107호 하삼동커피금장점,35.8673561678294,129.203787728843
경주안강점,경주시안강읍 비화원로 67 1층,35.9907058670585,129.225033042019
경주협성휴포레점,경상북도 경주시 용황로 74 엠타워 1층 106호,35.8830402972283,129.226284422084
울산율동점,울산광역시 북구 율동로26(양정동) 3단지 상가 104호 하삼동커피 울산율동점,35.5591990644322,129.380254866181
울산송정반도유보라점,울산광역시 북구 화산로 104 상가 132동 216호,35.6015109719403,129.366428501519
울산연암점,울산광역시 북구 연암동 159-9 2층 일부,35.5778352354313,129.377478654242
울산명촌효성해링턴점,"울산광역시 북구 명촌18길 5(명촌동, 강변효성해링턴 플레이스) 1층 상가 113호",35.557261042615,129.353115669534
울산천곡점,울산광역시 북구 아진로 106-2 1층,35.6309582799731,129.337526765152
울산화봉점,울산광역시 북구 화봉로66 1층 하나로마트 입구,35.5878793966437,129.366269441552
울산달천점,울산 북구 가재길 82 리더스빌딩 102호,35.633466670153,129.332664259601
울산염포점,울산광역시 북구 염포로 669 1층 104호,35.5329399997956,129.391149443352
명촌점,울산광역시 북구 명촌10길 23 하삼동커피 명촌점,35.5522488707981,129.357443644652
울산매곡월드메르디앙점,울산광역시 북구 매산로65 월드메르디앙시티1단지상가 129동104호,35.6399362775489,129.361379447794
울산중산매곡점,"울산광역시 북구 중산로 48-1 113동 1층 104호(중산동, 미라주 1단지 상가동)",35.6526485311784,129.353294258362
울산매곡점,울산 북구 신천로 83 H프라자 1층,35.645074404687,129.351693171385
울산호계점,울산시 북구 호계매곡1로54 1층,35.6351288889947,129.363210537395
울산송정점,울산 북구 화산4길 16 화봉동 1489-1 102호,35.5969019926873,129.366297936786
동구자이점,울산광역시 동구 서부로 50번지 울산 지웰시티자이 1단지 상가동 b306호 1단지 106동 밑 상가,35.52861933486,129.428220932291
성안점,울산 중구백양로 11 1층,35.575931425232,129.30821539503
울산병영점,울산 중구 곽남길 6 1층,35.5689749272416,129.343001923243
울산일산점,울산 일산진6길 29 1층,35.4986663083549,129.430035561544
울산대병원점,"울산시 동구 방어진순환도로 865,220호 하삼동 울산대병원점",35.5186596055493,129.430791319861
꽃바위점,울산 동구 문현로 41 케이디상가 1층 104호,35.4845567987633,129.413557256222
남목점,울산광역시 동구 동해안로20 1층 하삼동커피,35.5410391807428,129.425956152843
방어진점,울산 동구 등대4길25 상가동1층 103호,35.4900843249965,129.428492069171
전하점,울산 동구 봉수로 290 1층,35.5125072671002,129.423555658089
화정점,울산 동구 대학길 47 1층 하삼동커피 화정점,35.4988673534948,129.420276570448
울산서부점,울산광역시 동구 봉수로450(서부성원상떼빌) 116동 108호 하삼동커피,35.5254839005861,129.425159179204
울산다운점,울산 중구 다운로 120 다운동 761-2,35.5635059598793,129.266798202388
옥교점,울산 중구 문화의거리6 1층,35.555623868519,129.32186440657
진장점,울산 북구 진장24길 40 1층,35.565666192351,129.356861272828
신울산점,울산시 중구 화합로 419-1 1층,35.5625424156929,129.337182691303
반구캐슬점,울산광역시 중구 염포로 24 1층,35.5593552704468,129.344169934878
반구점,울산광역시 중구 반구로 36 1층,35.5546120196267,129.345018059466
울산우정sk점,울산 중구 우정4길 1 1층,35.5585934223596,129.3115424993
혁신신세계점,울산시 중구 종가6길 4-5 101호,35.5635222103727,129.311726341729
울산혁신푸르지오점,울산 중구 유곡로 80 상가동 하삼동커피 혁신푸르지오점,35.5606150146829,129.301427245967
울산혁신점,울산광역시 중구 종가로 641 굿프라임1. 112호 1층,35.5798923499206,129.338781850111
울산남외점,울산시 남외1길 31 1층,35.564808697287,129.350133452296
태화점,울산광역시 중구 신기14길1 103동 상가비107호 태화동 일신아파트,35.5526113788849,129.296866432288
울산장현점,울산 중구 종가로 731 (장현동) 1층,35.5870221577953,129.342669679319
울산유곡점,울산광역시 중구 종가4길19 1층,35.5601560780658,129.29444001528
거제중곡점,경남 거제시 중곡로 13 1층 103호,34.893827079008,128.630090384154
장유대청점,경남 김해시 계동로 147 1층,35.1882143405931,128.794680030545
광양서희점,전남 광양시 광양읍 무선2길 15 1층,34.9582532434345,127.571914381706
목포터미널점,전남 목포시 상동로 13 1층,34.8117206869473,126.416109006727
목포하당점,전남 목포시 백년대로 340 하삼동커피 1층,34.8054776984097,126.424450697742
목포북항점,전남 목포시 원산중앙로 10 1층,34.8070468526176,126.374318981174
전남도청점,전남 무안군 삼향읍 남악3로82번길 42 1층,34.8127007664939,126.464881712402
광주용두점,광주 북구 하서로 424 105호 1층,35.212639881358,126.875054757466
광주신창점,광주 광산구 왕버들로251번길 27 상가 2동 1층 105호,35.1976289284711,126.835320637274
광주운남점,광주 광산구 임방울대로 142-5 1층,35.1739603207204,126.81809942482
광주하남2지구점,광주 광산구 목련로 42 상가 1동 1층 104호,35.1723960619297,126.802197351514
쌍암점,광주 광산구 임방울대로825번길 60-3 1층 102호,35.2209746088392,126.84905578352
광주수완점,광주 광산구 장신로148번길 17 1층 104호,35.1897571994426,126.82645579977
광주첨단점,광주 광산구 월계로 203 첨단오션스파 1층 116호,35.2138557974932,126.847800649671
북신점,경남 통영시 북신시장1길 79 1층,34.8534878067218,128.427802336593
통영미수점,,,
봉평점,경남 통영시 도남로 97 2층,34.8313656226048,128.415154876949
죽림점,경남 통영시 광도면 죽림해안로 118-7 1층 하삼동커피,34.8802335635489,128.422446846351
통영여객터미널점,경남 통영시 통영해안로 227-2 하삼동커피 통영여객터미널점 1층,34.8408999814539,128.420935601938
무전점,경남 통영시 중앙로 303-38 1층,34.8579982503395,128.426355826376
사천중앙점,경남 사천시 사천읍 평화2길 22 1층 하삼동커피,35.0830587139136,128.087024991475
삼천포남양점,경남 사천시 진삼로 132 하삼동커피 1층,34.9687802768096,128.064000739168
사천삼천포점,경남 사천시 주공로 22 1층 하삼동커피 1층,34.9400750827831,128.086713048652
함안점,경남 함안군 가야읍 가야로 80 1층 1호,35.2779513972094,128.409979413924
함안칠원점,경남 함안군 칠원읍 원서로 17 1층,35.3075118638958,128.518248814557
함안군북점,경남 함안군 군북면 함마대로 808 1층,35.2618736197209,128.345714593904
함안가야점,경남 함안군 가야읍 중앙본길 37-16 1층,35.2726669673495,128.408783563856
진주 초전점,경남 진주시 초전북로52번길 29 1층,35.206193565632,128.113648073295
진주대안점,경남 진주시 진양호로527번길 2 1층,35.192990738331,128.083225858738
진주혁신점,경남 진주시 사들로123번길 40 배종프라임 1층 하삼동커피,35.1799740252464,128.14418260921
진주평거휴먼시아점,경남 진주시 새평거로 75 상가 1층 101호 휴먼시아4단지,35.1676829560392,128.054942618341
진주충무공동점,경남 진주시 소호로 6 1층 102호,35.1696525236801,128.136354803007
진주개양점,경남 진주시 가좌길74번길 11 1층,35.1598391108856,128.106827696473
진주평거점,경남 진주시 남강로309번길 44 1층 105호,35.1712514316636,128.060739796573
진주시청점,경남 진주시 동진로 148 1층,35.1793476026399,128.10737885325
진주칠암점,경남 진주시 동진로 22 106호 하삼동커피 1층,35.1785236539218,128.093639065686
경남고성점,경남 고성군 고성읍 중앙로 33 1층,34.9743235534944,128.323926618583
창원신항용원점,경남 창원시 진해구 신항4로 49 신항센텀빌딩 1층,35.0877167933068,128.817905963109
부산화전우방점,부산 강서구 화전산단4로 74 우방아이유쉘 211동 1층 111호,35.1107280033447,128.885585412422
부산지사점,부산 강서구 과학산단2로20번길 44 1층,35.1505249287203,128.835419285773
부산신호점,경남 창원시 진해구 신항4로 49 신항센텀빌딩 1층,35.0877167933068,128.817905963109
공항덕두점,부산 강서구 공항로811번길 56 1층,35.1804782192206,128.95490341592
경주불국점,경북 경주시 산업로 3021 1층,35.7757147595323,129.298933909777
경주 월성점,경북 경주시 양남면 동해안로 648 1층 1호,35.6998631510284,129.471141293723
울산옥동점,울산 남구 대공원입구로21번길 27 1층 103호,35.5341755084873,129.291278302678
제일병원점,울산 남구 남산로 386 1층,35.5487162917918,129.306950934571
울산병원점,울산 남구 월평로171번길 26 1층 126호,35.5473969758113,129.323227082826
삼신초교점,울산 남구 월평로 244 1층 1호,35.5469558279999,129.331406322628
울산신정푸르지오점,울산 남구 팔등로 102 1층,35.5464016827957,129.317394484379
삼호점,울산 남구 북부순환도로 48 1층 101동 하삼동커피,35.5522511494109,129.268971869012
문수점,울산 남구 봉월로67번길 27 1층,35.538725834587,129.302460177477
신복점,울산 남구 신복로 28 1층,35.5486280252365,129.259403578544
삼산보람병원점,울산 남구 화합로194번길 6 1층,35.5419233279692,129.340040632879
신정수암점,울산 남구 중앙로 48 1층,35.5259104708935,129.31783362324
울산여천공단점,울산 남구 여천로 210 1층,35.5282943366892,129.356011712593
울산시청점,울산 남구 월평로 58 1층,35.5418353623369,129.311961775909
현대홈타운점,울산 남구 대암로 108 1층,35.5294847506177,129.327157634024
삼산현대점,울산 남구 삼산중로 15 1층 하삼동커피 1층,35.5349666144097,129.336431977829
옥현점,울산광역시 남구 옥현로 25 1층,35.5398455017773,129.258857258984
야음점,울산 남구 신선로 79 1층 하삼동커피,35.5220380317648,129.321104053171
울산공업탑점,울산 남구 삼산로35번길 19-1 1층,35.5351392389545,129.310775639138
신성미소지움점,울산시 남구 대암로14 센트럴하임 1층,35.5304467911949,129.317566109754
달동삼성점,울산 남구 신정로 38 1층,35.535328239738,129.322288339984
달동점,울산 남구 삼산로241번길 10 1층 하삼동커피 달동점 1층,35.5396006117151,129.333406783458
울산대공원점,울산 남구 대공원로115번길 24 1층,35.5312153560736,129.296920186764
울산무거점,울산 남구 북부순환도로13번길 17-1 1층,35.5519286086821,129.26337255743
울산삼산점,울산 남구 돋질로 379 1층,35.5437514687251,129.346404669103
울산선암점,울산 남구 두왕로106번길 5-29 1층,35.5141269807189,129.30995528489
울산테크노점,울산 남구 테크노산업로82번길 52 1층,35.5150610597657,129.294352285522
울산굴화점,울산 울주군 범서읍 굴화1길 7-11 1층,35.5573158459102,129.257497249246
소공원점,울산 울주군 온산읍 덕남로 15 1층,35.4330041205193,129.311348410128
덕하청량점,울산 울주군 청량읍 삼정로 811 401동 1층 B113호(울산덕하 신일해피트리),35.4877379413385,129.302740753903
덕하뉴시티에뜰점,1층,,
덕하점,울산시 울주군 청량면 온산로717 1층,35.4912066474388,129.307199124312
울산구영점,울산 울주군 범서읍 구영로 82 하삼동커피 1층,35.5751599673455,129.24084727049
장검점,울산 울주군 범서읍 장검길 51-11 1층,35.5533959937021,129.252956926859
울산천상점,울산 울주군 범서읍 천상중앙길 87 한라그린피스맨션상가 1층 104동 121호 하삼동커피,35.5626598463329,129.227041724373
울산덕신점,울산 울주군 온산읍 덕망로 76-1 1층,35.4394421233369,129.30626218961
온양점,울산 울주군 온양읍 온양로 109 1층,35.4101330063354,129.283719650184
언양점,울산 울주군 언양읍 헌양길 38 1층,35.5650359674171,129.125343702502
정관점,부산 기장군 정관읍 정관로 560 1층,35.3213484699308,129.175090089593
해운대탑마트점,부산 해운대구 좌동로14번길 66 1층,35.1691334540707,129.171627939423
명지행복마을본점,부산 강서구 명지오션시티8로 26 1층,35.086021541235,128.911033762166
강서구청점,부산 강서구 대저로 261 1층,35.2135996604498,128.981163423695
명지협성휴포레점,부산 강서구 명지국제11로 27 1층 104호,35.1048189992272,128.921498002672
율리점,부산 북구 학사로 291 1층,35.2475925349179,129.011719206083
화명수정점,부산 북구 학사로 15 1층,35.2241631567039,129.007676826692
화명롯데캐슬멤버스점,부산 북구 금곡대로 238 1층 122호,35.2293917370177,129.012838756815
화명점,부산 북구 화명대로 31 106호,35.2351996396397,129.011619109568
화명대천점,부산 북구 양달로8번길 8 1층,35.2413332368866,129.014834279943
금곡점,부산 북구 효열로 219 1층,35.2636201104646,129.019159333364
연제구토곡점,부산 연제구 고분로 238 1층,35.1843481079548,129.108160527232
부산거제점,부산 연제구 거제천로87번길 39 1층,35.1826622282232,129.071260527315
연산더샵파크시티점,부산 연제구 안연로 33 1층,35.1920267807262,129.095534227204
연산신리삼거리점,부산 연제구 연수로148번길 1 1층,35.1743675250271,129.087077573924
시청동원비스타점,부산 연제구 연제로 30 105동 B105호,35.1792657348573,129.076959383109
법원점,부산 연제구 법원북로 93 1층,35.193410924204,129.075544485213
더퍼스트연산점,부산 연제구 반송로 33 101A호,35.1883403418694,129.084092213984
온천천점,부산 연제구 온천천공원길 4 벽산e메타폴리스아파트 상가 1층,35.195435858632,129.081582560886
기장시장점,부산 기장군 기장읍 차성남로51번길 15 A동 1층,35.2426186218802,129.215088955401
시청동원비스타,부산광역시 연제구 연제로 30 105동 B105호,35.1792657348573,129.076959383109
기장좌천역점,부산 기장군 장안읍 해맞이로 8 1층,35.3124202416646,129.244804177415
기장고촌점,부산 기장군 철마면 고촌로 40 1층,35.2395954562403,129.169710674997
정관용수점,부산 기장군 정관읍 정관4로 40 101호,35.3261509718295,129.171131641892
기장점,부산 기장군 기장읍 차성동로 108 1층,35.2473204958047,129.217055953637
달산점,부산 기장군 정관읍 정관로 698 1층,35.3208568011866,129.189478619397
모전점,부산 기장군 정관읍 정관로 391 1층,35.3344934620479,129.165817372458
정관매학리점,부산 기장군 정관읍 달산길 25 1층,35.3191896121731,129.183508380021
반여2동점,부산 해운대구 재반로 205 1층,35.1955485793555,129.130538750254
재송점,부산 해운대구 재반로 88 1층,35.186550442706,129.125650172276
센텀파크점,부산 해운대구 센텀중앙로 142 더샵센텀파크2차아파트상가1동 112호,35.1795016077605,129.123276453416
윗반송점,부산 해운대구 반송로924번길 6 1층,35.2323701666032,129.154711023313
벡스코역점,부산 해운대구 해운대로383번길 27 1층,35.1701906224325,129.139135759237
반여롯데센텀점,부산 해운대구 반여로 131 1층 122호,35.2034531801334,129.123367372027
송정비치점,부산 해운대구 송정해변로 24 1층,35.1808963666349,129.203480394714
좌동점,부산광역시 해운대구 좌동순환로 182 1층,35.17738710902,129.175982065828
아랫반송점,부산 해운대구 아랫반송로 35 1층,35.2243637019163,129.149414918272
센텀시티점,부산 해운대구 센텀동로 25 대우월드마크센텀 상가 1층 109호,35.1719091709265,129.131436572074
좌동신곡점,부산 해운대구 좌동순환로311번길 8 1층,35.1680799575736,129.183087303976
해운대점,부산 해운대구 구남로 22 1층,35.1619318801138,129.159839363436
장산점,부산 해운대구 해운대로 814 146호,35.1695768343535,129.177677812121
반여점,부산 해운대구 선수촌로 63 1층,35.1993575454805,129.118689070931
센텀재송점,부산 해운대구 해운대로38번길 70 1층,35.1910141513734,129.117558601777
좌동양운점,부산 해운대구 대천로67번길 18 1층 105호,35.1738310496907,129.168251250103
장평점,경남 거제시 장평로8길 27 1층,34.8926755466729,128.609607105506
아주점,경남 거제시 아주1로2길 37 1층,34.8666415884783,128.688119088474
거제상동점,경남 거제시 상동5길 21-1 21-1번지,34.8677382232948,128.635883646745
거제옥포점,경남 거제시 옥포대첩로 45 상가동 1층 4호,34.8941251545205,128.692516019801
삼계점,경남 창원시 마산회원구 내서읍 광려로 41 에이동 1층 1층 111호,35.222822493369,128.502728664175
마산산호점,경남 창원시 마산합포구 합포동6길 8 1층 117호,35.211473749746,128.585708231849
합포구청점,경남 창원시 마산합포구 3·15대로 218 2층,35.1977047293031,128.567390517757
마산호계점,경남 창원시 마산회원구 내서읍 광려천북로 202 1층 138호,35.2676540843089,128.523900912344
마산합포중앙점,경남 창원시 마산합포구 3·15대로 156 1층 108호,35.1924025237291,128.565163396471
석전점,경남 창원시 마산회원구 석전동6길 1 1층,35.2313254735723,128.576086301841
마산내서점,경남 창원시 마산회원구 내서읍 상곡로 26 1층,35.2429429721503,128.502531005069
경남대점,경남 창원시 마산합포구 3·15대로 9 월영마크리움 1층 111호,35.1812969326166,128.558248277917
양산석계점,"경상남도 양산시 상북면 상북중앙로 343 (석계리, 컴마트) 1층",35.4143350684928,129.060024995766
물금백호마을점,경남 양산시 물금읍 백호2길 48 1층,35.3174965875244,128.997192812525
사송점,경남 양산시 동면 내송내안2길 25 1층 105호,35.3193267879482,129.066375658873
어곡점,경남 양산시 어실로 152 어곡동 177-1,35.3741926560195,129.027338871991
덕계시장점,경남 양산시 덕계로 30 1층,35.371064918913,129.148885398606
양산천성점,경남 양산시 소주회야1길 8 1층18호,35.407942304886,129.158539904864
양산신평점,경남 양산시 하북면 신평로 29 1층,35.4908696496392,129.086714077463
양산평산점,경남 양산시 평산로 33 1층 103호,35.3814672877152,129.15132177998
양산산막공단점,경남 양산시 상북면 소노길 48 1층,35.3768328953926,129.056051871049
양산시립박물관점,경남 양산시 북정로 98 105동 1층 106호,35.3604823532786,129.049410960903
양산덕계점,경남 양산시 신덕계3길 36 1층,35.3741034721885,129.162125319378
부산대양산캠퍼스역점,경남 양산시 물금읍 부산대학로 150 대한빌딩 108호 1층 108호,35.3157680234589,129.011440489036
양산웅상점,경남 양산시 삼호로 75 101호 1층 101호,35.4075889449921,129.172392835048
양산경찰서점,경남 양산시 물금읍 신주3길 24 1층,35.3375298761445,129.015847946994
오봉점,경남 양산시 물금읍 오봉로 184 현대아파트 상가동 1층 105호,35.3341296331449,129.007459123275
교동점,경남 양산시 황산로 919 하삼동커피 교동점 1층,35.3443074024535,129.02708935619
양산남양산점,경남 양산시 물금읍 청운로 354 1층,35.327228100111,129.016903342364
가촌서로점,경남 양산시 물금읍 가촌서6길 18 1층 103호,35.3203811183784,128.990892966547
양산대방점,경남 양산시 물금읍 새실로 116 대방노블랜드6차 상가 1층 101호,35.3118347489622,129.002099910308
양산부산대학병원점,경상남도 양산시 물금읍 동중1길 5  1층,35.3290748435929,129.003949766306
증산점,경상남도 양산시 물금읍 청운로 188 1층 116호 (나래시티),35.3166615142171,129.003328377814
범어점,경남 양산시 물금읍 범어로 32 1층 하삼동커피 1층,35.3308464637045,129.012038784316
물금이지점,경남 양산시 물금읍 물금로 75 이지더원 그랜드파크 상가동 136호,35.3129919363295,128.989649773835
가촌증산역점,경남 양산시 물금읍 야리1길 17 증산타워 1층 109호,35.3106853066488,129.007578147193
북정점,경남 양산시 북정로 25 1층,35.3590057712418,129.043121197837
신기점,경남 양산시 중앙로 250 1동 105호,35.3524811114103,129.041775462028
양산남부시장점,경남 양산시 삼일로 82 1층,35.3437611666779,129.036294524121
양산중부점,경남 양산시 양산역1길 24 1층 105호,35.3369873610905,129.027672097073
남부점,"경상남도 양산시 양주로 97, 상가동 (남부동, 양산신도시쌍용아파트) 1층 106호",35.333764662314,129.030190788306
남부동원점,경남 양산시 양주로 38 1층 하삼동커피 남부동원점 1층,35.331445876801,129.027472273491
석산점,경남 양산시 동면 금오13길 54 석산프라자 1층 105호,35.3204450955147,129.024727479809
동면점,경남 양산시 동면 금오2길 77 1층 103호,35.3152671826407,129.025034514249
화전공단점,부산광역시 강서구 화전산단4로5 1층좌측일부(녹산동),35.1111645951428,128.878688795299
부산강동점,부산광역시 강서구 제도로761-3 1층,35.1805303472136,128.918056352627
미음점,부산광역시 강서구 미음산단로295번길 6 2동 1층,35.1504656603176,128.860938473151
녹산공단점,부산광역시 강서구 녹산산단232로 38-3 4동 101호,35.0853068194146,128.842495700007
범방점,부산광역시 강서구 범방3로29번길 39 1층 108호 중 일부(범방동),35.1477073788229,128.879875807284
굿모닝힐점,부산광역시 북구 덕천로276번길 60 상가동 106호,35.2058687951711,129.033190025409
덕천점,북구 만덕대로 19 1층,35.2107612893052,129.007124034687
주감점,부산광역시 사상구 백양대로494번길 12 107동 101호(주례동),35.1543514012538,128.998516745368
덕포시장점,부산광역시 사상구 사상로291 1층(덕포동),35.1708566459989,128.982652757098
감전점,부산광역시 사상구 괘감로 103 1층(감전동),35.1572059834742,128.986035990744
부산벤처타워점,"부산광역시 사상구 모라로 22 ,105호(모라동, 부산벤처타워)",35.1909071876104,128.984728051833
모라점,부산 사상구 모라동 424-3 1층,35.1854225686349,128.992113053386
구덕점,"부산광역시 사상구 학감대로 127 2층(학장동, 문성빌딩)",35.1423775163074,128.987851931138
신주례점,부산 사상구 주례동10-21번 반도보라상가 105호,35.1533518187742,129.011309881071
괘법점,부산광역시 사상구 사상로223번길 70 101호(괘법동),35.1652036722819,128.979424064321
주례점,부산광역시 사상구 가야대로272 1층(주례동),35.1500465867152,129.002264962324
부산학장점,부산광역시 사상구 대동로 83 2층(학장동),35.1377744418534,128.977331604565
엄궁점,부산광역시 사상구 엄궁북로 26 1층 (엄궁동),35.1282966423461,128.973124505531
덕포점,부산 사상구 덕상로 11 1층,35.1726138107705,128.988820573716
감천항점,부산광역시 사하구 원양로 324 1층,35.0799980411353,129.005651512872
하단SK뷰점,부산광역시 사하구 하신번영로 407 101호(하단동),35.1173713913793,128.960306109148
감천우리마트점,부산광역시 사하구 옥천로5 1층,35.0881146228059,129.005079848993
장림경희병원점,"부산광역시 사하구 다대로 321 나동 1층(장림동, 경희병원)",35.0735320338169,128.976835933848
다대포항점,부산광역시 사하구 윤공단로 6 1층,35.0545668296383,128.970120031393
신평2동점,부산광역시 사하구 하신중앙로 184 108호,35.0952561966152,128.962319754487
괴정뉴코아점,"부산광역시 사하구 사하로 189 상가동 108호(괴정동, 괴정어반푸르지오)",35.0984712132069,128.993446662412
롯데캐슬블루점,부산광역시 사하구 다송로 23 101호,35.0660759887624,128.982821920306
감천점,부산광역시 사하구 사하로197번길 39 1층,35.09854163489848,128.99133921689548
장림역점,부산광역시 사하구 다대로247 1층(장림동),35.080303443024,128.977561608179
구평점,"부산광역시 사하구 서포로30번길 8 109호(구평동, 사하 센트럴파크)",35.082781874764,128.98566640902
부산다대포해수욕장역점,부산광역시 사하구 다대동 1548-37 105호 (몰운대종합시장상가),35.0487712466506,128.964621055572
하단오거리점,부산광역시 사하구 낙동대로 474 1층(하단동),35.1071397115375,128.968187999996
하단점,부산광역시 사하구 낙동남로 1401-1 1층(하단동),35.1065337551502,128.965033650743
사하괴정점,"부산광역시 사하구 낙동대로 271 2층 201호 (괴정동, 신동양상가)",35.0988602475043,128.987048251903
신평역점,부산광역시 사하구 하신번영로201 1층(신평동),35.0988569345044,128.958383758974
괴정대티점,부산 사하구 낙동대로 154 괴정동) 1층,35.1030719244417,128.999147547421
장림점,부산광역시 사하구 장림번영로 22(장림동) 1층,35.0809322673242,128.967738567386
다대롯데캐슬몰운대점,부산광역시 사하구 다대낙조2길 100 1층,35.0553797809279,128.964833086021
신평동매역점,부산광역시 신산로197 (신평동) 1층,35.0898348641573,128.976759596969
동아대점,부산광역시 사하구 낙동대로 548 1층 (하단동),35.1129514757904,128.96450484206
당리점,부산광역시 사하구 승학로 60 (당리동) 1층,35.1050609171967,128.974770879259
부산다대낫개점,"부산광역시 사하구 다송로72번길 63 103호 ,104호(다대동, 예원프라자)",35.0600603425673,128.980910412084
꽃마을점,"부산 서구 엄광산로 36 1,2층",35.1284510564355,129.008968025187
망미삼성아파트점,부산시 수영구 망미로22번길51 1층,35.1707958310973,129.10186070124
범천점,부산 부산진구 범일로 166 1층,35.1447559177191,129.059551742405
명지강변점,부산 강서구 명지새동네길2번길 1,35.1084928631943,128.930889510543
명지오션점,부산 강서구 명지오션시티4로 73 명지롯데프라자 1층 105호,35.0825554451096,128.903948573337
하버시티점,부산 동구 범일로 21 상가동 105호,35.1326704859309,129.057266019849
부산역점,부산 동구 대영로243번길 113,35.1167695639053,129.040163373548
민락수변공원점,부산 수영구 민락수변로 49 1동 107호,35.1536733907948,129.126149742635
광안역점,부산 수영구 장대골로19번길 4 남강 스위트홈 102호,35.1590054064556,129.110994961003
수영구청점,부산 수영구 광남로 36,35.1458943382703,129.11140937663
망미점,부산 수영구 과정로 69 1층,35.1775602013064,129.107026577736
정원센텀점,부산 수영구 수영로652번길 6 1층,35.1637227537511,129.114842691187
남천점,부산 수영구 황령대로489번길 22 1층,35.1388975532766,129.10829733701
수영점,부산 수영구 수영로 691-10 1,35.1682255382789,129.115445918125
광안점,부산 수영구 광안로45번길 2 101동 103호,35.155380384112,129.11734184579
부평깡통시장점,부산 중구 흑교로 18 1층,35.1011343329317,129.025311883853
중앙동40계단점,부산 중구 중앙대로81번길 3-1 1층,35.1048798644683,129.035640218351
남포점,부산 중구 구덕로48번길 2,35.0984780561504,129.030706360483
중앙대로점,부산 중구 중앙대로 143 1층,35.1103956960232,129.037247738518
광복점,부산 중구 광복로 38 1층,35.0991766364004,129.029130553286
동삼동점,부산 영도구 동삼로 63 1층,35.0788960183366,129.070180842057
영도점,부산 영도구 태종로 108 1층,35.0910086536597,129.042441723176
송도이진베이시티점,부산 서구 송도해변로 192 송도힐스테이트이진베이시티아파트 부대복리시설B동 110호,35.0787637032665,129.022924973587
동아대병원점,부산 서구 동대로19번길 32 301동 103호,35.1184561607383,129.019216891509
대신푸르지오점,부산 서구 고운들로 142 1층,35.1086438464717,129.014243122861
동아대부민캠퍼스점,부산 서구 구덕로 224 1층,35.1046093539225,129.020291023825
동대신동점,부산 서구 구덕로334번길 6 1층,35.1134630842466,129.016225521946
자갈치역점,부산 서구 구덕로 102-1,35.0969061398792,129.024387318787
동구청점,부산 동구 고관로 96-1 (수정동),35.1275325064109,129.045438882095
초량점,부산 서구 구덕로 224,35.1046093539225,129.020291023825
범일점,부산 동구 범일로102번길 7 1층,35.1392068612622,129.060428878359
부산진역점,부산 동구 고관로 149 1층,35.1309776724379,129.049379510899
용호데시앙점,부산 남구 용호로 219 1층,35.1127955209381,129.111160867632
용호메트로시티점,부산 남구 분포로 113 1005동 124호,35.1272669147748,129.109040555258
대연혁신점,부산 남구 수영로 345 115동 108호,35.1398875289479,129.103520204194
문현현대점,부산 남구 진남로 200-1 1층,35.1439672181012,129.077125413613
대연파크푸르지오점,"부산광역시 남구 홍곡로 360 (대연동, 대연파크푸르지오) 상가402동 104호",35.1253456097927,129.090820034146
용호사거리점,부산 남구 용호로 161 1층,35.1178751345869,129.111700499531
문현점,부산 남구 고동골로 29 111동109호,35.1389910752825,129.070457481676
감만점,부산 남구 석포로 20 1층,35.1221739389059,129.083189336869
못골점,부산 남구 못골로12번길 35 102호,35.135500166486,129.085748321882
용호본점,부산 남구 분포로 115 힐탑탑플레이스 B동 1층 104호,35.1321898048688,129.112724828547
부경대점,부산 남구 용소로 42-1 1층,35.1335033631007,129.100820616353
대연점,부산 남구 수영로250번길 22 1층,35.134556206497,129.094699641845
경원로점,경남 김해시 경원로 9 A동 1층,35.2390824539756,128.862010577875
능동점,경남 김해시 삼문동 71-4 1층,35.1961425201786,128.794138406993
안동푸르지오점,경남 김해시 안동길 31 108동 108호,35.2374639904214,128.912952864372
김해대동점,경남 김해시 대동면 동남로45번길 2-7 1층,35.237123660716,128.994278873072
명지국제신도시점,부산 강서구 명지국제8로 246 에이스프라자 104호,35.0977390492054,128.919619916682
김해큐시티점,경남 김해시 주촌면 선지로 59 일동미라주 더 네스트 상가 1층 105호,35.2306195378312,128.844950960025
장승포수변점,경남 거제시 장승포로 21 1층,34.8681632998734,128.726429435754
거제아이파크점,경남 거제시 수양로 110 지하4층 408호,34.8668926108096,128.649931365101
거제수월점,경남 거제시 수양로 454-4,34.8928791615765,128.641503731853
장승포점,경남 거제시 능포로2길 49 1층 102호,34.8753691789778,128.732159894279
청도점,경북 청도군 청도읍 청화로 188,35.6418916183719,128.745059002185
창녕부곡점,경남 창녕군 부곡면 온천중앙로 36,35.4392371325581,128.588371470246
창녕점,경남 창녕군 창녕읍 군청길 26,35.5422092863288,128.491947296167
밀양하남점,경남 밀양시 하남읍 수산복개길 2,35.3760605708833,128.710183443786
밀양가곡점,경남 밀양시 가곡7길 20 1층,35.4739959669615,128.765871697931
신삼문점,경남 밀양시 미리벌로3길 16 1층,35.4815861206051,128.746946387389
밀양도서관점,경남 밀양시 삼문중앙로6길 12-27,35.4865118197528,128.755768888181
김해한림점,경남 김해시 한림면 한림로 372 1층,35.3206493031704,128.802955533089
김해상동점,경상남도 김해시 상동면 동북로 465,35.3132609568358,128.967743161965
김해생림점,경남 김해시 생림면 봉림로 28 1층 3호,35.3268654808685,128.849261076835
진영에코시티점,경남 김해시 진영읍 진산대로 59-1 중흥에스클래시에코시티 상가동 1층,35.3101266357221,128.720353266188
김해무계점,경남 김해시 장유로307번길 15 111동 105호,35.2000279166252,128.816765296712
부곡월산점,경남 김해시 월산로 111-61 부곡프라자 101호,35.2033904046789,128.801011628494
삼방점,경상남도 김해시 삼안로 233 101호,35.2487516465119,128.910560862842
김해삼정점,경남 김해시 활천로29번길 2,35.2303772308344,128.893470582132
김해봉황점,경남 김해시 김해대로2324번길 54-27,35.2252914707934,128.876671717676
김해서상점,경남 김해시 가락로 81,35.2338384605456,128.88125900707
김해여래점,경남 김해시 진영읍 진영로 224,35.3024043831593,128.737422437398
구산점,경남 김해시 가락로 291 1층 104호,35.250901856245,128.872195319319
김해관동점,경상남도 김해시 율하카페길 3,35.176171792941,128.806769786672
분성마을점,경남 김해시 삼계로 241 화정마을2단지부영아파트상가 1층,35.2663321335273,128.867710191736
삼문점,경남 김해시 장유로334번길 75 1층,35.192241947523,128.810439491566
서희스타힐스점,경남 김해시 해반천로 280-1 하삼동커피 1층,35.2728447847507,128.865427976074
김해어방점,경남 김해시 활천로 187,35.2416634194469,128.900209880298
김해주촌점,경남 김해시 주촌면 천곡로 18 센텀두산위브더제니스 주상가 104호,35.2341306636518,128.837738232744
팔판점,경남 김해시 계동로23번길 17 1층,35.1779344903938,128.794763079437
장유CGV점,경남 김해시 삼문로 12 1층 102호,35.1919388028605,128.802126676431
율하원메이저점,경남 김해시 율하로 479-1 1층,35.1680992890191,128.825922094956
율하점,경남 김해시 율하3로 56 하삼동커피 율하점 1층,35.1726499080991,128.815396896981
진영점,경남 김해시 진영읍 김해대로361번길 8 굿프라임2 101호,35.307487586765,128.729799774658
장유코아점,경남 김해시 능동로149번길 6 104호 하삼동커피,35.2026098840375,128.807649466993
인제대점,경남 김해시 인제로200번길 5 하삼동커피 104호,35.2026098840375,128.807649466993
외동점,경남 김해시 내외중앙로 27 오로라빌딩 1층,35.232398368473,128.865899384144
김해시청점,경남 김해시 호계로422번길 2-1,35.2280740633346,128.885501037018
내동점,경남 김해시 내외중앙로 69  에스제이테라스파크 1층 109호,35.236121881609,128.866618898198
