매점명,지역,주소,위도,경도
울산삼산점,울산,"울산광역시 남구 돋질로 302번길 39, 2, 3층",35.5423375878612,129.337479757859
한강여의도4호점,서울,서울시 영등포구 여의서로 62 2층,37.5318646872063,126.923225204553
한강여의도3호점,서울,서울시 영등포구 한강남자전거길 1451 2층,37.5308485071395,126.927745696174
대전선화점,대전,대전광역시 중구 대종로 593,36.3347508220829,127.417873700972
대구반월당점,대구,대구시 중구 달구벌대로 2082 1층(반월당역 반도유보라),35.8654429734947,128.591435300706
마린시티아뜰리에점,부산,"부산광역시 해운대구 마린시티1로 147, 우신골든스위트 1층",35.1564876769625,129.147492958525
여주휴게소(강릉방향),경기도,경기도 여주시 가남읍 여주남로 722 여주휴게소 강릉방향,37.2377222002659,127.568314638079
김제휴게소(새만금방향),전라북도,전라북도 김제시 흥사동 하정로 93 김제휴게소(새만금방향),35.8421000102522,126.903232118903
화순전남대학교병원점,전라남도,전라남도 화순군 화순읍 서양로 322 화순전남대학교병원 1층,35.0611167605244,127.00321365079
인천공항T2 A/S점,인천,인천시 중구 제2터미널대로 446 인천공항 제2여객터미널 3층 면세구역,37.4692488244219,126.43320918812
선릉역점,서울,서울시 강남구 테헤란로 332,37.503774633134,127.048192060882
동해천곡점,강원도,강원특별자치도 동해시 한섬로 112 (천곡동),37.5210659343936,129.116036250119
대구화원DI점,대구,대구광역시 달성군 화원읍 비슬로508길 8,35.8012541862773,128.494917680273
별내휴게소,경기,경기도 남양주시 별내면 광전리 산 112-1 별내 휴게소,37.6827577336442,127.128933958795
의정부휴게소,경기,경기도 의정부시 산곡동 304-2 의정부 휴게소,37.7325141847734,127.11509889411
군산은파호수공원DI점,전라북도,전라북도 군산시 은파순환길 78,35.9512125464796,126.692580943536
김제휴게소(전주방향),전라북도,전라북도 김제시 백산면 하정2길 126 김제휴게소 전주방향,35.8393769515637,126.897577302982
목포센텀스퀘어점,전라남도,전라남도 목포시 통일대로 66,34.799658017214,126.431683451858
세종소담점,세종시특별자치시,세종특별자치시 소담로 87,36.4854870164495,127.301920790761
첨단시리단길점,광주,광주광역시 광산구 쌍암동 694-60,35.2144017170644,126.84907399217
울산중구무궁화점,울산,"울산광역시 중구 번영로 534, 1-2층",35.5667656819033,129.341006142578
남양주사릉역DI점,경기,"경기 남양주시 진건읍 진건우회로 75, 1,2층",37.6511985168187,127.179551966335
대구구병원점,대구,대구광역시 달서구 달구벌대로 1596,35.8513018227186,128.541407715958
대구대표도서관점,대구,"대구광역시 남구 중앙대로22길 26, 1층",35.8424501637786,128.591869694299
길동역점,서울,"서울 강동구 양재대로 1463, 1층",37.5365804216026,127.139245055939
서울시의회별관점,서울,서울시 중구 덕수궁길 15 서울시청 서소문별관 1층,37.5645541852439,126.975613605737
전주한옥마을점,전라북도,전라북도 전주시 어진길 58,35.8175277973581,127.15143424673
을지대병원점,경기,경기도 의정부시 동일로 712 복합동 지하1층,37.7518290378344,127.050695679688
가평역점,경기,경기도 가평군 가평읍 문화로 13-33,37.8137589016134,127.51203257386
대구칠곡3지구점,대구,대구광역시 북구 동천로 128-17,35.9428413459855,128.562647087901
남원교룡공원DI점,전라북도,"전라북도 남원시 산성순환길 713, 주1동(산곡동)",35.4279839046318,127.363882577238
성남물빛정원점,경기,경기도 성남시 분당구 탄천상로 102,37.3404859973314,127.112756992574
센트로인천공항 랜드마크점,인천,인천시 중구 제2터미널대로 446 인천공항 제2여객터미널 3층,37.4692488244219,126.43320918812
대전갤러리아점,대전,대전광역시 서구 대덕대로 217번길 32,36.3529752193664,127.377262901828
안성휴게소(서울방향),경기,경기도 안성시 원곡면 경부고속도로 372,37.0767728142858,127.132497850726
음성휴게소(하남),충청북도,충청북도 음성군 삼성면 중부고속도로 52,37.0235811658804,127.484045361491
서울역사박물관점,서울,서울시 종로구 새문안로 55,37.5704968494713,126.97107522045
홍성의료원점,충청남도,"충청남도 홍성군 홍성읍 조양로 224 1동, 1층",36.5984650226578,126.673918882516
신천강변DI점,대구,대구광역시 북구 신암로 51,35.8771170913119,128.606468775627
오산휴게소(동탄방향),경기도,경기도 오산시 수도권제2순환도로 14,,
경주양남점,경상북도,경상북도 경주시 양남면 양남로 146,35.6659953051283,129.454454491864
고성공룡나라휴게소(대전),경상남도,경상남도 고성군 대가면 신전리 67,35.0571179330036,128.251282388746
고성공룡나라휴게소(통영),경상남도,경상남도 고성군 대가면 송계리 447,35.0518973439364,128.262959902437
치악휴게소(부산방향),강원도,강원도 원주시 신림면 치악로 416,37.2536358076336,128.048658735614
양주옥정로데오점,경기도,"경기도 양주시 옥정동로7다길 12-13, 폴리타워 2층 211호",37.8193003243592,127.093383516935
진해연세에스병원점,경상남도,"경상남도 창원시 진해구 동진로 11번길 7 , 1층",35.1549793594574,128.697707883921
센트로율동공원점,경기도,경기도 성남시 분당구 율동 443번지(율동공원),37.3754682399887,127.150245033458
잠실삼전점,서울,"서울특별시 송파구 백제고분로21길 27, 102호",37.5062552813693,127.090774310886
서산휴게소(서울방향),충청남도,충남 서산시 해미면 서해안고속도로 242,36.7343412458935,126.566241624135
울산삼산무궁화점,울산,울산광역시 남구 정동로 106,35.5432168557224,129.344618304459
피어서면점,부산,"부산광역시 부산진구 중앙대로 664, 상가동 101호",35.1519822072885,129.0595970727
가천대학교 가천관점,경기도,"경기도 성남시 수정구 성남대로 1342, 가천관 지하1층",37.4512348695085,127.12939432624
덕평휴게소(강릉방향),경기도,경기 이천시 마장면 덕이로 154번길 287-76,37.2413744206469,127.393784579939
덕평휴게소(인천방향),경기도,경기 이천시 마장면 덕이로 154번길 287-76,37.2413744206469,127.393784579939
칠서휴게소(양평)점,경상남도,경남 함안군 칠서면 계룡로 122-1 칠서휴게소 양평방향,35.3723047972219,128.496775334101
인천공항T1 A/S점,인천,인천 중구 운서동 공항로 271 인천공항 제1여객터미널 면세구역 동편,37.4476109663729,126.452346738588
센트로대전DT점,대전,대전광역시 유성구 도안동로 488,36.3476741291554,127.348389135797
전남장흥점,전라남도,"전라남도 장흥군 장흥읍 동교1길 3-1, 2,3층",34.6776214690428,126.908775152658
부산장안사DI점,부산,부산광역시 기장군 장안읍 장안로 344,35.3695225997686,129.246705050237
과천지식정보타운점,경기도,"경기도 과천시 과천대로7길 46, 107호, 108호",37.4151870059678,126.977308988364
하남스카이폴리스점,경기도,"경기도 하남시 미사강변한강로 135, 1층 나 165호",37.57657762204,127.19204652447
장유여객터미널점,경상남도,"경상남도 김해시 무계로 56, 메가시티몰 1층",35.2004380504343,128.819363680255
전북도청점,전라북도,전라북도 전주시 완산구 효자로 167 1층,35.819438875082,127.103759165224
동의의료원점,부산,부산시 부산진구 양정로62 동의의료원 1층,35.1699490043336,129.075920754671
낙산해변점,강원도,강원도 양양군 강현면 일출로 31-10,38.1172236943774,128.632055921378
김해공항국내선점,부산,"부산광역시 강서구 공항진입로 108  (대저2동, 김해국제공항 국내선 1층)",35.173068,128.9478529
남양주진접DI점,경기도,경기도 남양주시 해밀예당3로 154,37.7227012660191,127.193941048611
제주도남점,제주도,제주도 제주시 도남로 7길 49,33.4958789960091,126.527324578317
평택호휴게소점,경기도,경기도 평택시 현덕면 권관리 산93,36.9228300976508,126.917072041341
정부대전청사점,대전,"대전광역시 서구 청사로 189 , 민원동 1F",36.3626829863103,127.384903880328
종로본점,,"서울시 종로구 종로84, 1,2층(종로2가)",,
파주운정DI점,경기도,경기도 파주시 동패동 22-5,37.7056948333199,126.746531693016
아산탕정역점,충청남도,"충청남도 아산시 탕정면 한들물빛6로 26, 1층",36.7878480965527,127.085886849308
파주봉일천DI점,경기도,경기도 파주시 조리읍 등원리 409-25,37.7555677245907,126.801643346928
정안알밤휴게소(천안),충청남도,충청남도 공주시 정안면 논산천안고속도로 58,36.5694495299682,127.115102332782
정안알밤휴게소(논산),충청남도,충청남도 공주시 정안면 논산천안고속도로 57,36.5707960910293,127.112004437346
일광이동항점,부산,부산광역시 기장군 일광읍 이천리 266-1,35.2711157956084,129.243784081044
곡성기차마을휴게소(순천)점,전라남도,"전라남도 곡성군 겸면 호남고속도로 49 (가정리, 곡성(하)휴게소)",35.2583754543935,127.151012540593
서면아이온시티점,,"부산광역시 부산진구 서면로 74 (부전동, 아이온시티빌딩)1F",35.1572030744245,129.058129839487
안동성소병원점,경상북도,경상북도 안동시 서동문로 99 안동성소병원 신관 5층,36.5671582715711,128.722710342768
문래역점,서울,"서울시 영등포구 당산로 57, 1F",37.5200035152284,126.894981398751
파주뮤지엄헤이점,경기도,"경기도 파주시 탄현면 평화로 885-43 ,뮤지엄헤이 1층",37.7828471165328,126.690283218336
대전석교DI점,대전,"대전광역시 중구 대종로 165 1,2층",36.3061506632985,127.447722721663
논현언주역점,서울,"서울시 강남구 언주로 113길 22 1,2층",37.5093555052222,127.036500044698
판교대장점,,경기도 성남시 분당구 판교대장로 7길 10,37.3711239264326,127.068688895756
가산YPP사옥점,,서울시 금천구 가산동 327-30,37.4708748694891,126.883805969109
전북대학교병원,전라북도,전라북도 전주시 덕진구 건지로20 전북대학교병원본관 B1,35.8479659003147,127.141059767822
여수웅천해변공원점,전라남도,"전라남도 여수시 웅천남6로11 (1,2층)",34.7391757762212,127.677173109141
명일역점,,서울시 강동구 천호동 24-2 (천호동 숨결타워)B1층~1층,37.5505685861734,127.143477564123
논공휴게소(대구)점,대구,"대구광역시 달성군 논공읍 광주대구고속도로 170, 휴게소 1층, 논공휴게소 대구방향",35.7645733994975,128.402763909428
논공휴게소(광주)점,대구,"대구광역시 달성군 논공읍 광주대구고속도로 169, 휴게소 1층, 논공휴게소 광주방향",35.7672966339971,128.403185255027
영풍문고종각종로본점,서울,"서울시 종로구 청계천로 41, B2층(서린동, 영풍빌딩)",37.5696679696981,126.982179278549
남한강휴게소점,경기도,경기도 양평군 강상면 중부내륙고속도로 298,37.4833196183715,127.467742642194
부산연산점,부산,"부산광역시 연지구 반송로 40, e편한세상 연산더퍼스트 102동 1층 101-102호",,
대전신탄진DT점,대전,대전광역시 대덕구 신탄진로 504,36.4238505684394,127.419940516746
속초중앙시장,강원도,강원도 속초시 중앙시장로87,38.2054312700232,128.590055011801
인천공항T2라운지동편점,인천,인천시 중구 제2터미널대로 446 인천공항 제2여객터미널 면세구역 동편,37.4692488244219,126.43320918812
기흥휴게소1호,경기도,경기 용인시 기흥구 공세로 173 기흥휴게소 내,37.2363767227901,127.104316216447
기흥휴게소2호,경기,경기 용인시 기흥구 공세로 173 기흥휴게소 내,37.2363767227901,127.104316216447
대전방동호수공원DI,대전,"대전광역시 유성구 성북로 84, 지상 2,3층(방동)",36.2893382362105,127.304638448452
충주휴게소(창원),충청북도,충북 충주시 중앙탑면 중부내륙고속도로 231,37.0223865504742,127.836955307243
공주휴게소(대전방향),충청남도,충남 공주시 당진영덕고속도로 72,36.4968652503451,127.166904312404
공주휴게소(당진방향),충청남도,충남 공주시 의당면 당진영덕고속도로 71,36.498467362766,127.165065753526
망향휴게소,충청남도,충남 천안시 서북구 성거읍 돌다리길 23-37,36.8560259693033,127.181213326292
외동휴게소 포항방향,경상북도,경북 경주시 외동읍 상석길 58-7,35.6648468776776,129.287771099381
충남금산점,충청남도,충남 금산군 금산읍 비단로 404,36.1067862090824,127.482232221445
서초악기거리점,서울,서울 서초구 남부순환로317길 79,37.4831336518092,127.010301391873
부산명지DI점,부산,"부산광역시 강서구 르노삼성대로 638-10 1,2층(명지동)",35.1045577312644,128.930254831352
변산해수욕장,전라북도,전라북도 부안군 변산면 변산대로 2120-22,35.64531,126.52328
서대구센트럴자이점,대구,"대구 서구 고성로 33, 405동 1층 114호",35.8863333474995,128.572536025451
익산모현점,전라북도,전북 익산시 모현동1가 836번지 1층,35.9521453709644,126.939188722811
센트로양재,서울,"서울 서초구 강남대로241 1,2층",,
여수선소대교점,전라남도,"전라남도 여수시 소호1길38 106,107",,
파주운정점,경기도,"경기도 파주시 목동동 937-2 , 명품프라자 2, 206호",37.729052875609,126.734706180292
마포광흥창점,서울,"서울시 마포구 토정로 195, 지하1층, 지상1층",37.5455538746201,126.932718282092
정읍수성점,전라북도,전라북도 정읍시 수성동 1023-6번지,35.5843826087866,126.859381811579
경상국립대병원점,경상남도,"경상남도 진주시 강남로 79, 경상대학교병원 행정동 1층 일부 (칠암동)",35.1759944007332,128.096492410171
이천송정DI점,경기도,경기도 이천시 증신로 342-31 1층( 송정동),37.3007600284902,127.439863642354
라페스타점,경기도,"경기도 고양시 일산동구 중앙로1275번길 60-14, 고일프라자 1층",37.6595458833417,126.769654734302
제주대병원점,제주도,제주시 아란13길 15 1층,33.4672085209581,126.545201028535
국방부 본관점,서울,서울시 용산구 이태원로22 국방부 본관 10층,,
충주휴게소(양평),충청북도,충청북도 충주시 중앙탑면 중부내륙고속도로 230,37.0232168619885,127.839469381914
부산해운대장산역점,부산,"부산광역시 해운대구 해운대로 793 (좌동, 해운대자생한방병원)1층 102호",35.1696667576765,129.175262014451
양주옥정점,경기,경기도 양주시 회천로 84,37.8278019018615,127.092503245435
송천파인트리몰점,전라북도,"전라북도 전주시 덕진구 송천중앙로 225, 송천파인트리몰 1층",35.8670585837453,127.120917621401
안양명학점,경기도,경기도 안양시 만안구 안양로 104 웨딩그룹위더스 1층,37.3845078922259,126.933939661976
구미산동DI점,경상북도,"경상북도 구미시 산동읍 강동로 995, 1층 1동 1호",36.1677081712003,128.438060370594
화성향남점,경기도,"경기도 화성시 향남읍 발안로 68, 1층",37.1314573286388,126.917603786336
대전반석점,대전,대전 유성구 반석동로40번길 40 지상 1층,36.3912522027097,127.31425953911
구미역점,경상북도,"경상북도 구미시 구미중앙로 13길 6 1,2층",36.1306118985563,128.333191218046
김포공항국제선점,서울,서울특별시 강서구 하늘길 38 3층,37.5713695798026,126.802960133589
의정부고산지구점,경기도,경기도 의정부시 세석로 24,37.7296549826,127.109490069237
오창휴게소(상),,충청북도 청주시 청원구 오창읍 중부고속도로 20,36.7566488392427,127.481979054146
문정르피에드점,서울,서울시 송파구 송파대로 141 르피에드,37.4827982488674,127.123339910507
김포우리병원1층점,경기도,"경기도 김포시 감암로11, 김포우리병원 신관동 1층",37.6329981082051,126.710556772373
거제디큐브백화점,경상남도,"경상남도 거제시 장평로 12 (장평동, 디큐브백화점)",34.8910558081136,128.616402009975
익산약촌오거리점,전라북도,전라북도 익산시 약촌로162,35.9481078153801,126.97500607407
대구침산중앙DI점,대구,대구시 북구 침산동 105-21,35.8840999960581,128.597540935373
보령그랜드베이호텔점,충청남도,충청남도 보령시 터미널길 24-8,36.3435127444629,126.589162343433
화성와우점,경기도,경기도 화성시 봉담읍 와우로 23-31,37.2148548871547,126.973354392351
성주별고을체육공원점,경상북도,경북 성주군 성주읍 대황길 20,35.9133543472852,128.261436434323
포항에스병원점,경상북도,"경상북도 포항시 남구 희망대로 352, 지하1층 (포항에스병원)",36.0348244802874,129.331402298585
홍천갈마DI,강원도,강원도 홍천군 홍천읍 갈마로58,37.6946072870397,127.90255998008
송산포도휴게소점,경기도,경기도 화성시 송산면 평택시흥고속도로25,37.2368577299461,126.756662553529
군산휴게소(서울방향)점,전라북도,전라북도 군산시 나포면 서해안고속도로 148,36.0182567585663,126.797846220477
창원팔용점,경상남도,경상남도 창원시 의창구 팔용로 419,35.2544309379752,128.611899520921
소마미술관점,서울,"서울시 송파구 위례성대로 51, 2층(서울올림픽미술관)",37.516920655117,127.118166964751
대구신남네거리점,대구,"대구광역시 중구 달구벌대로 1999, 척탑병원 1층",35.865456902865,128.582701809564
세종청사중앙동점,세종시특별자치시,"세종특별자치시 도움6로 42, 민원동-2동 1층",36.5016810243531,127.264420987443
대전중앙로점,대전,"대전광역시 중구 중앙로 126, 1층 (대흥동)",36.327645144192,127.424113850923
세종다정중앙점,세종시특별자치시,세종특별시 다정중앙로 46,36.4944826637341,127.249318899356
군산디오션시티점,전라북도,전북 군산시 조촌동 2-70,35.9732888,126.7403011
홈플러스아시아드점,부산,부산 연제구 거제동 1208 홈플러스,35.1909050227428,129.061419257391
첨단종합병원점,광주,광주광역시 광산구 쌍암동 674-1,35.2203150960353,126.846407924371
대청댐 DI,충청북도,충청북도 청주시 서원구 현도면 대청호반로4,36.4757402918076,127.470949244078
구미인동점,경상북도,경북 구미시 진평동 61-1,36.0959072357611,128.429035969288
구미선산DI점,경상북도,경북 구미시 선산읍 완전리6-1번지 외 9필지,36.2423349099842,128.301115052627
부산비즈니스호텔,부산,부산광역시 부산진구 부전동 512-4,35.1561122699992,129.054528292776
여주휴게소(인천방향),경기도,경기도 여주시 가남읍 본두리 870-1,37.2399065450504,127.569914900691
대구월촌역점,대구,"대구광역시 달서구 송현로 38 1,2층",35.8223722656623,128.547987821718
에스프레소바 해운대엘시티점,부산,"부산광역시 해운대구 달맞이길 30 (중동, 엘시티)1030,1031호",35.1613327099223,129.168013841974
속초엑스포(베룸빡),강원도,강원도 속초시 청초호반로 56,38.1903654947826,128.588596225028
평내호평역,경기도,경기도 남양주시 호평동 632-15,37.6539483819878,127.241200015287
포천송우DI점,경기도,경기 포천시 소흘읍 송우로 101-11,37.8306187314567,127.138609444021
충북옥천,충청북도,충북 옥천군 옥천읍 금구리42-18,36.2982909771257,127.573348444882
인천테크노밸리점,인천,"인천광역시 부평구 주부토로 236, 인천 테크노밸리 u1센터 A동 1층 104호 외",37.5158580433375,126.726800852864
벌곡휴게소 논산방향,충청남도,충남 논산시 벌곡면 신양리475,36.2182810930872,127.273636449554
언양휴게소 서울방향,울산,울산광역시 울주군 언양읍 반곡리898-9,35.5982293965083,129.14181277976
강릉유천점,강원도,강원도 강릉시 선수촌로 64-4 1층(유천스파 1층),37.7563397807886,128.871182893357
양천목동점,서울,서울시 양천구 목동 42-107,37.5427715223083,126.869732619599
센트로서울,서울,서울시 중구 한강대로 416 서울스퀘어 1층,37.555503632236,126.973751343837
공주상왕,충청남도,충청남도 공주시 창벽로 416,36.4452667724384,127.179359780677
이화사거리,서울,서울특별시 종로구 대학로 47 1층,37.5754639597614,127.0018417101
경기광주휴게소 원주방향,경기도,경기 광주시 곤지암읍 만삼로 270,37.3784899718403,127.436338503175
센트로천안점,충청남도,"충남 천안시 서북구 성성4길 68 1층, 2층",36.8457881208372,127.135601373417
부산경성대,부산,부산 남구 대연동 73-35,35.1377310292967,129.100369785761
김포풍무역,경기도,"경기도 김포시 유현로 232 에버리치빌딩 1,2층",37.6111768897317,126.73112226665
고양원흥,경기도,"경기도 고양시 덕양구 권율대로 504 가림타워오피스텔 101,102호",37.6356955825336,126.869726346518
청담역점,서울,"서울시 강남구 영동대로 646, 1층",37.5196629414152,127.057829519776
영산휴게소,경상남도,경남 창녕군 영산면 장척호수길 56-110,35.4286587768169,128.495680970332
경북왜관점,경상북도,경북 칠곡군 왜관읍 중앙로 98 1층,35.9835696055669,128.398951262627
삼국유사휴게소,경상북도,경북 군위군 부계면 치산효령로 989-23,36.0799507570031,128.696146727823
대구장기DI점,대구,대구광역시 달서구 장기동 557-1,35.8431865157457,128.530925048672
군위영천휴게소,경상북도,경북 군위군 산성면 백학리 90,36.0711200427926,128.708181937704
공릉역점,서울,서울 노원구 공릉동 398-4,37.6252057310785,127.072554311907
청주엘지로DT,충청북도,"충정북도 청주시 흥덕구 엘지로11, 1,2층(외북동)",,
광주용전DT,광주,"광주광역시 북구 우치로 948 1,2,3층(용전동)",35.2445952686371,126.886259853869
부산하단오거리점,부산,"부산광역시 사하구 낙동대로 458, 1,2층",35.1058639975939,128.969036484843
안산휴게소 인천방향,경기도,경기도 안산시 단원구 선부동 273~ 280,37.3341794459408,126.804370669728
안산휴게소 강릉방향,경기도,경기도 안산시 단원구 선부동 273~ 280,37.3341794459408,126.804370669728
안산휴게소 강릉DT점,경기도,경기도 안산시 단원구 선부동 273~ 280,37.3341794459408,126.804370669728
충남부여,충청남도,충남 부여군 부여읍 사비로 108번길 4,36.2821654243749,126.910739717102
대구K병원,대구,"대구광역시 북구 칠곡중앙대로 357, 1층(태전동)",35.9276866910919,128.547109190163
왕십리역사점,서울,서울특별시 성동구 왕십리광장로 17. 왕십리민자역사 4층,37.5614417528647,127.038394194396
울산중앙병원,울산,울산 남구 문수로 472,35.5322336708212,129.304647337193
부산범일점,부산,부산광역시 동구 조방로 45 1층 (덕원빌딩),35.1404968198363,129.060273359158
김포운양 DI,경기도,경기 김포시 모담공원로167번길 109,37.6470352189303,126.698574202471
하남감일DI점,경기도,경기도 하남시 동남로 451(감일동),37.5151489492249,127.142627103086
전주효자DT점,전라북도,전북 전주시 완산구 효자동2가 760-5번지,35.8016509482634,127.096499968907
전주만성법조타운,전라북도,전라북도 전주시 덕진구 만성중앙로 17,35.8443440797517,127.07373068137
소노벨변산,,전라북도 부안군 변산면 변산해변로 51,35.6479917471495,126.486029432788
인천공항LS 2호점,인천,인천시 중구 공항로 271 인천공항 제1여객터미널 3층 일반구역,37.4476109663729,126.452346738588
양평휴게소 서울방향,경기도,경기 양평군 양동면 여양3로 384-27,37.3986742104886,127.723560787289
서대문역점,서울,서울시 서대문구 충정로 60 KT&G 빌딩 1층,37.5638625904566,126.966154870127
경기광주휴게소 서울방향,경기도,경기 광주시 곤지암읍 유사리 산 31-1,37.3729309645344,127.413799455974
대전문지,대전,대전시 유성구 문지동 652-4,36.3937599934014,127.406143275542
서청주DT,충청북도,충북 청주시 흥덕구 2순환로 1067-2,36.6394766024376,127.422921004388
동천동강병원,울산,울산 중구 외솔큰길 215 (지번) 남외동 514-1,35.5685477528402,129.350477263454
예산휴게소(대전방향),충청남도,충남 예산군 신양면 당진영덕고속도로,36.6676791413448,126.789333389529
칠곡휴게소 서울방향,경상북도,경상북도 칠곡군 왜관읍 경부고속도로 158,36.0134501186494,128.430589151031
칠곡휴게소 부산방향,경상북도,경상북도 칠곡군 왜관읍 경부고속도로 159,36.0194908650646,128.427759917503
전주삼천점,전라북도,전라북도 전주시 완산구 용리로 54,35.7983806817813,127.115734186586
죽전휴게소 서울방향,경기도,경기도 용인시 수지구 경부고속도로 400,37.3324299682977,127.104823956442
청주하나로,충청북도,충북 청주시 상당구 무농정로32,36.6048173494679,127.507391938401
남대전DT,대전,대전 동구 대성동 275-1,36.2911587784729,127.462527522403
영등포병원점,서울,서울 영등포구 당산로 31길 10,37.526858089517,126.89561402986
영종하늘도시점,인천,인천 중구 하늘별빛로 65번길 8-21,37.4899652995834,126.561672602647
파주야당,경기도,"경기도 파주시 야당동 1050-1, 이든시티오피스텔 1층",37.7093712792525,126.759315196661
화성반월DI점,경기도,경기도 화성시 반월동 311-75  1층,37.2302230692782,127.046516447142
경산중방DI점,경상북도,"경상북도 경산시 중방동 909 1,2층",35.8336074910003,128.738679726714
평택세교DT점,경기도,경기도 평택시 세교동 436-1,37.0097379297026,127.074587367067
함안휴게소(순천),경상남도,경남 함안군 군북면 현포로 205-1,35.2937997061427,128.343834952504
부산사직,부산,"부산광역시 동래구 아시아드대로 141, 1층",35.1969553870345,129.065315762548
의왕역,경기도,경기도 의왕시 삼동 208-12,37.3209123803619,126.95431268366
파주문산DI,경기도,"경기도 파주시 문산읍 우계로 424, 101호",37.8567343257426,126.797474754862
세종베스트웨스턴호텔,세종시특별자치시,"세종특별자치시 도움1로 7, 1층 111~116호(어진동540)",36.5003011,127.258736
창녕점,경상남도,경남 창녕군 창녕읍 화왕산로 134,35.5338871264704,128.506054242543
제주한라대,제주도,"제주특별자치도 제주시 고사마루길 2, 1층",33.4802908734374,126.472234040441
용산삼각지점,서울,"서울 용산구 한강로2가 426 용산트리스퀘어 101동 104호, 105호(용산구 백범로 99길 40)",37.5354709368249,126.971544494638
대구가톨릭대로DI점,대구,대구 남구 두류공원로 64,35.8431505923319,128.571453336769
대전원내,대전,대전 유성구 진잠로92번길 85,36.3006661647813,127.320451483116
울산남구청점,,울산광역시 남구 왕생로 146(달동),35.5461987501305,129.328405076874
한마음국제의료원점,경상남도,"경상남도 창원시 의창구 용동로 57번길 8, 1층",35.2379627398324,128.698677096204
원주터미널점,강원도,"강원도 원주시 서원대로 165-1, 1층(단계동)",37.3446573638576,127.929967432849
용인휴게소 상행점(인천방향),경기도,경기도 용인시 처인구 고림동 81-2(주북로 94번길 66-14),37.248556848521,127.238031024061
용인휴게소 하행점(강릉방향),경기도,경기도 용인시 처인구 고림동 12-6(주북로 94번길 30-1),37.2454701551681,127.242335886614
북대전점,대전,"대전 유성구 대덕대로 1097 (송강동 141-2, 1,2층)",36.4251214668938,127.383966049432
광주매곡점,광주,광주광역시 북구 서하로 79,35.1877154276225,126.889059547283
진영(부산) 휴게소,경상남도,경남 김해시 진영읍 하계로 96번길 94-4 진영(부산)휴게소,35.2775553386953,128.717461841396
김천교동DT점,경상북도,"경상북도 김천시 대학로 75, 나동 1-2층(교동)",36.1344360630243,128.095182822977
인천DT점,인천,인천광역시 연수구 옥련동 605-16,37.4314025337366,126.635734487199
대전송촌점,대전,"대전시 대덕구 계족산로 81번길 101, 1층(송촌동)",36.3664911844852,127.436736794033
대전카이스트점,대전,대전 유성구 대학로 291 한국과학기술원 정보전자공학동,36.3683750600837,127.356771410201
마산역DI점,경상남도,"경남 창원시 마산 회원구 3.15대로 703, 1층",35.2354428294847,128.579813137094
광주문흥점,광주,광주광역시 북구 서하로 353-1,35.1869164806068,126.919397873565
신사역점,서울,"서울시 서초구 강남대로 101길 7, 지하1층, 지상1층(잠원동, 루미에르신사)",37.5163735211308,127.018762725461
계양구청점,인천,인천 계양구 계산동 1081-1 삼성프라자 105호,37.535920190463,126.737302639928
평택힐스테이트점,경기도,경기 평택시 세교동 10-1 디오네프라자 1층,37.0061508,127.0834733
김제모다아울렛점,전라북도,전북 김제시 용지면 부교리 44-1번지 전주김제모다아룰렛 2F,35.8167477561889,126.991473227147
대구남산역점,대구,대구시 남구 명덕로 116 1층,35.8561626049536,128.58263788906
부산가덕도점,부산,부산시 강서구 가덕해안로 612,35.0418314477244,128.811073978106
유성온천역점,대전,대전 유성구 계룡로 92 105-2호 106-1호 106-2호 106-3호,36.3534744900415,127.34059446686
안산중앙점,경기도,"경기도 안산시 단원구 고잔로 88 , 지스타 105,106호",37.3187495188622,126.836010693549
경인교대역점,인천,"인천 계양구 계산동 956-25 1,2층",37.5394837392661,126.723110657601
기쁨병원점,서울,"서울시 서초구 서초중앙로 4 ,1층",37.482713030212,127.018063486739
대구라온제나점,대구,"대구광역시 수성구 범어천로 13 1층 102,103호",35.8481294160372,128.623388396751
행담도휴게소,충청남도,충남 당진시 신평면 서해안고속도로 275,36.9451430591607,126.807129050488
청주테크노폴리스,,"충북 청주시 흥덕구 송화로 166번길 20, 1층",36.6653447056932,127.452288565331
트윈시티남산점,서울,서울 용산구 동자동 56 1층,37.5508614716888,126.972783927831
일산DI점,경기도,경기 고양시 일산서구 대화동 2031 선화빌딩,37.6825051947263,126.757586134152
대구반월당제네스점,대구,"대구광역시 중구 중앙대로 312 반월당아너스제네스타워1층,2층",35.8607879511798,128.593031418516
김천휴게소 하행,경상북도,경북 김천시 농소면 경부고속도로 193 김천휴게소(하행),36.1290489052594,128.164870178854
김천휴게소 상행(서울방향),경상북도,경북 김천시 농소면 신촌리 730 김천휴게소 서울방향,36.1306977181897,128.163566514199
충남태안점,충청남도,"충남 태안군 태안읍 중앙로 152, 1층 파스쿠찌 (동문리 259-2)",36.7500640673134,126.304326018778
동해해안도로DI,강원도,"강원도 동해시 해안로 374,1층",37.5354032994849,129.114466913811
김해진영점,경상남도,"경상남도 김해시 진영읍 김해대로361번길 9, 1~2층",35.3091716952152,128.729690183281
대구용산점,대구,대구 달서구 용산동 930-4,35.8583194523549,128.530342610837
강남고속터미널점,,"서울시 서초구 신반포로 194, 본관 1층 22호(반포동)",37.5064357442307,127.006834366246
광명철산점,경기도,경기도 광명시 철산동 437번지,37.4756034865928,126.870159056764
계룡DT점,충청남도,충남 계룡시 엄사면 엄사리 32-2,36.2842805808219,127.248278522962
수원권선DT점,경기도,"경기도 수원시 권선구 서수원로 245,1층(오목천동)",37.2486955181983,126.966625239344
평택험프리스점,경기도,"경기 평택시 팽성읍 안정1리 32-2 캐피토리움 103-104, 202-203호",36.9612668,127.04395
대구태평메가타워점,대구,"대구광역시 중구 태평로 114(태평로3가, 메가타워)",35.8756241677099,128.590204985966
나주빛가람종합병원점,전라남도,전라남도 나주시 빛가람동 266-4,35.0234114357996,126.798520802987
안산고잔신도시점,경기도,경기도 안산시 단원구 고잔동 771-1 창진타운 130호,37.3112713946448,126.830827587352
부산강서점,부산,부산광역시 강서구 체육공원로6번길 184,35.2094117967221,128.982706586271
청주용평로점,충청북도,충북 청주시 서원구 용평로 113번길 15 1층,36.6008094213474,127.490529520934
제주영어교육도시점,제주도,제주특별자치도 서귀포시 대정읍 에듀시티로239번길 8 1층,33.2790420956457,126.274323680979
대전시청점,대전,대전 서구 둔산동 1431번지 1층,36.3493205039413,127.389011773013
대구중앙로점,대구,대구광역시 중구 중앙대로 421,35.8707430855529,128.593756830698
창원대동백화점,경상남도,"경상남도 창원시 성산구 원이대로 730, 창원대동백화점 1F",35.2203132862628,128.690744607686
창원상남점,경상남도,경남 창원시 성산구 원미대로 682번길,35.1983,128.7027
가평휴게소 하행선점,경기도,경기도 가평군 설악면 미사리로 540번길 51,37.7019403489619,127.546805136522
가평휴게소 상행선점,경기도,경기도 가평군 설악면 미사리로 544,37.7016978925313,127.543474220155
원주행구길카페점,강원도,강원도 원주시 행구로 466(행구동 198번지),37.3443230088858,128.007731829849
야탑역점,경기도,경기도 성남시 분당구 성남대로926번길 18,37.4131094391911,127.129745307947
김해부원역점,경상남도,경남 김해시 김해대로 2351 부원역그린코아더센텀,35.2212961,128.9289213
송도유원지점,인천,인천시 연수구 청량로 125,37.4184951017917,126.654010017507
전주백제대로DT점,전라북도,전라북도 전주시 덕진구 백제대로 552,35.8395349636189,127.130405307569
해운대장산점,부산,부산광역시 해운대구 세실로69번길 17,35.171578922128,129.175911739979
진하비치점,울산,울산 울주군 서생면 진하리 84-11,35.3831689131763,129.345152495269
첨단리버사이드DT점,광주,광주광역시 북구 임방울대로 945 (신용동 477-12),35.2158541294107,126.861496632875
세종고운점,세종시특별자치시,세종시 마음로 272-5 (고운동) 103호 (티앤스타빌딩),36.5194432794932,127.235994195677
서울대관정도서관점,서울,"서울시 관악구 관악로1 서울대학교 관정도서관 부속동 2,3층",37.4662872666604,126.94815644252
대전성모병원점,대전,"대전 중구 대흥로 64, 가톨릭대학교 대전성모병원 1층",36.3219928632375,127.420211690552
서울대병원,서울,"서울시 종로구 대학로 101, 서울대병원첨단외래센터 지하1층 4호(연건동)",37.5804523853297,126.997196437908
거제거붕백병원점,경상남도,경상남도 거제시 계룡로 5길 14 거붕백병원,34.8734175518558,128.627541688616
대전봉명점,대전,대전 유성구 온천북로 15,36.3573284162347,127.344818902276
대전코젤병원점,대전,대전 유성구 원내동 802,36.3012104386932,127.326693633647
세종다정점,세종시특별자치시,세종특별자치시 다정로 14 (다정동 산10),36.4985361808279,127.236059877982
대구범어역점,대구,대구광역시 수성구 달구벌대로 2386,35.8596104,128.6200954
아산배방점,충청남도,충청남도 아산시 배방읍 배방로 88,36.769141666851,127.055927944821
제천장락점,충청북도,"충청북도 제천시 청전대로 216, 재림빌딩 1층(장락동)",37.1515578999667,128.221011332345
송도컨벤시아점,인천,인천 연수구 센트럴로 123송도컨벤시아 M 18호,37.3881431004052,126.645553109611
충북영동점,충청북도,충북 영동군 영동읍 난계로 1108,36.177829841652,127.76858902869
순천문화의거리점,전라남도,전남 순천시 남내동 73-5,34.9540211205371,127.484142355634
부산온천장점,부산,부산광역시 동래구 온천장로 89,35.2192497533278,129.082652533077
밀양점,경상남도,경상남도 밀양시 밀양대로 1753-27(삼문동),35.4801793206247,128.753442641578
동김해점,경상남도,경남 김해시 어방동 1115-10,35.2294695132606,128.905163118463
충주칠금점,충청북도,"충청북도 충주시 계명대로 29 1층 (칠금동, 금강빌딩)",36.982638063037,127.917733980738
포항성모병원점,경상북도,"경상북도 포항시 남구 대잠동길 17, B1F",36.015828038847,129.339900281737
서충주신도시점,충청북도,"충청북도 충주시 중앙탑면 기업도시로 222 서충주메디컬타워 2, 3층",37.0166096463336,127.824506176985
아산신정호점,충청남도,충남 아산시 신창면 신정호길 268,36.7615447160807,126.966700549042
대전용문점,대전,대전 서구 용문동 275-22,36.3351731719699,127.388747613882
울산보람병원점,울산,"울산광역시 남구 돋질로 336번길 10(삼산동, 울산보람병원 신관 1층)",35.542506904866,129.341003063092
강진군청점,전라남도,전남 강진군 강진읍 남성리 182-1,34.641235534595,126.766501814465
속초영랑호점,강원도,강원도 속초시 장사동 647-16 인트라움상가 1층,38.2224846198785,128.584291086198
구미확장단지점,경상북도,"경북 구미시 산동면 신당 1호 3길 3, 해송빌라 1.2층",,
서초점,서울,"서울특별시 서초구 서초동 1623-8, 9 B1",37.4867057977106,127.015914995393
대구강정고령보점,대구,대구 달성군 다사읍 죽곡리 768-4,35.8430183177467,128.461955296076
부천역점,경기도,"경기 부천시 원미구 심곡동 385 까뮤스퀘어 114, 115, 212, 213, 214, 215호",37.4911478996836,126.78385709779
춘천후평사거리점,강원도,강원도 춘천시 후평동 703,37.8824522085469,127.748647973862
진주휴게소점,경상남도,경상남도 진주시 남해고속도로 194(호탄동),35.1596956765438,128.121988351352
공주신관점,충청남도,충청남도 공주시 흑수골길 33 1층 101호,36.4734350434676,127.140886492967
황전휴게소 하행,전라남도,전남 순천시 황전면 선변리 560-7,35.1484392867398,127.454711208999
황전휴게소 상행,전라남도,전남 순천시 황전면 선변리 595-8,35.1533673574546,127.45537724495
팔공산가산산성점,경상북도,경북 칠곡군 동명면 기성리 997번지 외,36.0039261132588,128.593651405242
대구신평리네거리점,대구,대구시 서구 국채보상로 204,35.8697694246119,128.553345161602
시화나래휴게소 2호점,경기도,경기 안산시 단원구 대부동동 2098-1 시화나래휴게소 1층 외부매장,37.3118977968421,126.611624481279
익산부송점,전라북도,전북 익산시 부송로 116 (부송동 1106-4),35.9619274752698,126.990176483647
대구대명역점,대구,대구 남구 대명동 1623-66,35.8395741806421,128.565919211017
제주한라병원점,제주도,제주 제주시 도령로 73 (연동 1964-3) 2층,33.4901161837273,126.485948322561
시화나래휴게소점,경기도,경기 안산시 단원구 대부동동 2098-1 시화나래휴게소 1층,37.3118977968421,126.611624481279
연세심혈관병원점,서울,"서울시 서대문구 연세로 50-1, 1층(신촌동, 심장혈관병원)",37.563674036531,126.941917689273
대구침산점,대구,대구 북구 칠성동2가 90-5,35.87995,128.5957
전북고창점,전라북도,전북 고창군 고창읍 교촌리 501번지,35.4350673255009,126.710733001466
영광백수해안도로점,전라남도,전남 영광군 백수읍 구수리 458-1,35.3632637009395,126.415664682154
거제하청점,경상남도,경남 거제시 하청면 하청리 857 -1,34.9520870570214,128.655359703079
울산굿모닝병원점,울산,울산광역시 남구 달동 972번지 외(굿모닝병원 1층),35.5350003197645,129.319842224757
안양명학역점,경기도,경기 안양시 만안구 안양동 201-25,37.386104085052,126.935959273603
청주사천점,충청북도,"충청북도 청주시 청원구 사뜸로 95, 1층",36.6696151527647,127.478076743096
안성휴게소하행점,경기도,경기도 안성시 원곡면 반제리 642-6 안성휴게소하행,37.0134996656578,127.14501141483
목포옥암법원점,전라남도,전남 목포시 정의로10 (옥암동1192-1),34.8124594830355,126.444668384829
몰오브광양점,전라남도,전라남도 광양시 금호동 624-24 몰오브광양 104호,34.9365180592261,127.717321343614
대구성서이곡점,대구,대구 달서구 이곡동 1202-11,35.8543704076872,128.504625781923
대구만촌점,대구,대구 수성구 만촌동 1329-15,35.872849650342,128.639299139155
파주지혜의숲점,경기도,경기도 파주시 회동길 145,37.7085496415678,126.686833634678
여수역점,전라남도,전라남도 여수시 망양로2 여수엑스포역사,34.7531073123699,127.74885662663
제주탑동점,제주도,제주특별자치도 제주시 일도 1동 1276-7,33.5153000005066,126.526498811017
제주유수암점,제주도,"제주 제주시 애월읍 유수암리 1014, 102호",33.4236556491553,126.407992306714
거제장평점,경상남도,경상남도 거제시 장평동 141-1  1층,34.887164092663,128.608617897593
대구영남대점,경상북도,경상북도 경산시 조영동 247-5,35.8393643807571,128.756789317241
김포구래점,경기도,경기도 김포시 김포한강9로 80 다온프라자 110호,37.6441233460467,126.626053238591
남경주IC점,경상북도,경북 경주시 외동읍 활성리 888,35.755425345128,129.314199800168
온양점,충청남도,"충청남도 아산시 온천대로 1462, 온양제일오텔 1층",36.7821408007604,126.999438861677
당진시청점,충청남도,"충남 당진시 시청2로 20, GJ빌딩 101호",36.8891869182039,126.644017930492
목포신항만점,전라남도,전라남도 목포시 신항로 264,34.7530568125371,126.358322242392
구미상모점,경상북도,"경북 구미시 박정희로 101 1층,2층",36.0881044063619,128.350002791644
포항송도비치점,경상북도,경북 포항시 남구 송도동 254-216,36.0403391193614,129.377168087844
세종퍼스트점,세종시특별자치시,"세종특별자치시 나리로 38, 108,109호 (한솔동, 상가동)",36.4718376,127.2545453
대천해수욕장점,충청남도,충남 보령시 신흑동 1982,36.3058978380741,126.516492978087
울산명촌점,울산,울산광역시 북구 진장동 757-10 2층,35.5603850416713,129.356902843473
대구현풍테크노점,대구,대구 달성군 현풍면 중리 509 (현풍테크노길),35.6887824074375,128.449582736463
부산대병원점,부산,부산광역시 서구 까치고개로197번길 3,35.1001884856653,129.017178050131
삼성DSR점,경기도,경기도 화성시 삼성1로5길 6,37.2253732487128,127.072699101388
구미신평대로점,경상북도,경상북도 구미시 신평동 326-2번지 외 2필지,36.1157731735625,128.363429404494
부산구포점,부산,부산 북구 구포동 산 46-1,35.19957,129.00564
대구신암점,대구,대구 동구 신암동 216-16번지,35.8825341782667,128.621930007166
대구황금점,대구,대구 수성구 청수로 130,35.8396188451087,128.622360992661
영천시청점,경상북도,경북 영천시 문외동 253-5,35.9720294833081,128.935296204972
전주서신여울점,전라북도,전북 전주시 완산구 서신동 932-8,35.8368745070321,127.108396742675
나주빛가람점,전라남도,전라남도 나주시 빛가람동 692-2,35.0097434755462,126.78753211749
울산학성공원점,울산,울산 중구 반구동 582-7,35.556259211587,129.341377042706
충북혁신도시점,충청북도,"충북 음성군 맹동면 두성리 충북혁신도시 CC2블럭 1-1 롯트 파스텔시티107,108,204호",36.9070500171714,127.551268401531
김포사우점,,"경기 김포시 사우동 924 제우스 프라자 109호, 110호 일부",37.6195292774696,126.720032385336
서울숲점,서울,서울 성동구 성수동1가 14-18,37.5468671338669,127.049714298071
제주종합청사점,제주도,제주 제주시 도남동 694-3,33.4895778085444,126.523593707513
대구봉무공원점,대구,대구 동구 봉무동 531-2번지,35.9213952295273,128.645488910633
광주시청로점,광주,광주 서구 치평동 1231-3,35.1536251439346,126.851180664149
울산혁신도시점,울산,울산 중구 종가6길 25,35.5626456465112,129.311510931396
제주제원점,제주도,제주 제주시 연동 273-4,33.4875472583332,126.490550248215
부산종합터미널점,부산,부산 금정구 중앙대로 2238 부산종합터미널,35.2846866758906,129.095480074212
구미오태점,경상북도,경북 칠곡군 북삼읍 인평1리 1039-3번지,36.0790099995034,128.340874735461
세종라온점,세종시특별자치시,"충남 연기군 조치원읍(세종시 도담동) 1-4생활권 라온프라이빗 시티1, 113호",36.6053318010723,127.297595653532
경북상주점,경상북도,경북 상주시 냉림동 363번지 외 2칠지,36.4232987759478,128.158746844365
대구두류점,대구,대구 달서구 두류동 135-14번지 (대구 달구벌대로),35.8587963839553,128.561610029254
김해인제대점,경상남도,경남 김해시 삼방동  172-3 (김해시 활천로 255번길 4),35.2459500634961,128.906241960016
제주 노형로타리점,제주도,제주 제주시 다랑곶길 4번지,33.4870184952883,126.479275489973
대구신서혁신도시점,대구,대구 동구 각산동 1080-2 (각산로 1080-2),35.87845219434,128.715314289008
제주일도점,제주도,제주 제주시 일도2동 360-11,33.5059996410114,126.538130186731
당진CGV점,충청남도,충남 당진시 읍내동 1532번지 외 3필지 당진CGV 1층,36.9019364521453,126.630343661758
전남대점,광주,광주 북구 호동로 15 (용봉동 161-17),35.1752149387117,126.914213207097
목포석현점,전라남도,전남 목포시 석현동 1168-25 (옥암로 173),34.8134968130102,126.42217408893
대왕암공원점,울산,울산 동구 일산동 903-5 대왕암상가 5동 2호,35.4909051135789,129.43539839587
서면솔라리아니스테츠호텔점,부산,부산 부산진구 부전동 233-16번지,35.1523224768625,129.058176948963
청주수암골점,충청북도,충북 청주시 상당구 수동 91-2외 2필지,36.6421450641971,127.496773951644
선정릉역점,서울,서울 강남구 논현동 254-16 성원빌딩 1층,37.5143500778738,127.041056788916
동강병원점,울산,울산 중구 태화동 동강병원 123-3번지,35.5574486,129.2965129
분당KT계원점,경기도,경기 성남시 분당구 정자동 139-7,37.3602299458779,127.114279243329
광주유스퀘어점,광주,광주 서구 광천동 유스퀘어 광천터미널,35.1647499,126.8810106
전주중화산점,전라북도,전북 전주시 완산구 중화산동 2가 770-1,35.8188828864188,127.117194950674
구미봉곡점,경상북도,경상북도 구미시 봉곡동 297-7,36.1517021805954,128.317350588332
장생포점,울산,울산광역시 남구 장생포고래로 257-1(매암동)  카페 파스쿠찌,35.5038421353045,129.382214291336
부산남산점,부산,"부산시 금정구 금샘로 351 2,3층 (구서동)",35.2545593320721,129.0845982745
부산해운대점,부산,부산 해운대구 우동 618-18번지,35.1622596400178,129.160313413346
제주이도점,제주도,제주 제주시 이도2동 1986-20 제비동 1층,33.4891363500114,126.5396131691
교대메가스터디점,서울,서울 서초구 서초동 1671-2번지,37.4933189981992,127.014640748168
서산호수공원점,충청남도,충남 서산시 읍내동 50-3 1층,36.7751064017886,126.448185480282
제주 용담해안도로점,제주도,제주 제주시 용담3동 2319-1,33.5194568172477,126.493131200861
광주황금점,광주,광주 동구 황금동 19-1,35.1475439838354,126.914792494654
구월로데오점,인천,인천광역시 남동구 인하로489번길 28 (로데오프라자 201호),37.4448481331132,126.701480649521
울산성남점,울산,울산광역시 중구 성남동 191-27 2F,35.5537163244628,129.318106007984
울산번영점,,울산 남구 달동 1356-12,35.5390501797919,129.328723100542
상무DY점,광주,광주 서구 마륵동 162-7,35.145704677608,126.84932931877
춘천거두점,강원도,강원도 춘천시 동내면 거두리 1102-2,37.8563621675895,127.757914004914
평택역점,경기도,"경기도 평택시 평택시 평택2로 19-2, 1층(평택동)",36.9932685158821,127.088584496064
안양예술공원점,경기도,경기도 안양시 만안구 석수동 825,37.4193823443915,126.923180445186
의정부역점,경기도,경기도 의정부시 의정부동 493-3 웨딩팰리스 1층,37.7379909449604,127.041554257522
뱅뱅사거리점,서울,서울시 서초구 서초동 1340-11번지 1층,37.4888672962391,127.030991794095
익산 모현점,전라북도,전북 익산시 모현동 1가 836,35.9521453709644,126.939188722811
여수여서점,전라남도,전남 여수시 여서동 220-5 향군회관 1층,34.7541882988162,127.706478491102
거제장승포점,경상남도,경남 거제시 장승포동 701-6번지,34.8671924328941,128.726329969338
대구동성로광장점,대구,"대구광역시 중구 동성로3가 67-1 1,2층",35.8668960917629,128.593961537616
울산구영점,울산,울산광역시 울주군 범서읍 구영리 395-5번지,35.5663569201124,129.246944626062
구미금오산점,경상북도,경북 구미시 남통동 155,36.1212449347386,128.323903036063
목포북항점,전라남도,전라남도 목포시 산정동 1768,34.8064413581387,126.373612554222
대전청사점,대전,대전시 서구 월평동 236번지,36.3624584719704,127.377656303352
에스프레소바 양재점,서울,서울시 서초구 남부순환로 2620 1층,37.484522966337,127.037325442562
종로2가점,서울,서울시 종로구 관수동 3-1,37.5697761416414,126.989336008869
삼성역점,서울,서울시 강남구 삼성동 168-21 석광빌딩 1층,37.5105429240595,127.062880335128
논현역점,서울,서울시 강남구 논현동 122-8 동화히스110호,37.5106854565479,127.023447046119
부천소풍점,경기도,경기도 부천시 원미구 송내대로 239  (상동 소풍 2층 F01-2호),37.5041446553817,126.756721807955
포항중앙점,경상북도,경상북도 포항시 북구 대흥동 725,36.0384729152329,129.364040964829
장미의거리점,전라남도,전라남도 목포시 상동 1003-1 1층,34.8028845386143,126.427369557643
인천작전역점,인천,인천시 계양구 작전동 864-24 2층,37.5309360945685,126.721897763265
대구수변공원점,대구,대구광역시 달서구 도원동 949-1,35.7981668881394,128.548688334854
여수엑스포점,전라남도,전라남도 여수시 수정동 215-1,34.7431668161328,127.750045858999
국악고점,서울,서울시 강남구 개포동 1197-2,37.4752895219453,127.050411070806
금정역점,경기도,경기 군포시 산본동 26-5,37.3605082,126.9360912
광주광천점,광주,광주광역시 서구 죽봉대로 80 무등산타워 1층,35.1604640248992,126.883911161553
울산달동점,,울산광역시 남구 달동 1394-14,35.5323395468933,129.320124502834
오산대점,경기도,경기도 오산시 궐동 93-2 모터프라자1층,37.1571295042654,127.065045011487
천안역점,,충청남도 천안시 동남구 대흥동 124-2 1~2,36.8085719411705,127.14739168278
인천엠파크점,인천,인천 서구 가좌동 178-105 엠파크,37.4895579539236,126.662739804989
동촌유원지점,대구,대구광역시 동구 효목동 1087-6,35.8804996951771,128.652276457943
스마트시티점,대전,"대전시 유성구 도룡동 4-7 스마트시티 504동 121,122호",36.3772513004526,127.394744638952
서여의도점,서울,"서울 영등포구 여의도동 13 진미파라곤 1F 111호, 112호",37.5309560903106,126.921132661482
청주개신점,충청북도,충청북도 청주시 흥덕구 개신동 52-4,36.6250525950185,127.464576230193
전주서신점,전라북도,전라북도 전주시 완산구 서신동 889-7,35.8255234282908,127.118605191141
청주용암점,충청북도,충청북도 청주시 상당구 용암동 1635,36.6095363539183,127.503855116448
오창호수공원점,충청북도,충북 청주시 청원구 오창읍 양청리 752-4번지,36.7158636712994,127.422736042178
김해삼계점,경상남도,경남 김해시 삼계동 1453-6,35.2628494830742,128.875504738017
수지성복점,경기도,경기도 용인시 수지구 성복동 401,37.3195846243134,127.061054567141
울산세이브존,울산,울산광역시 남구 삼산동 1377-9,35.5485183647838,129.324156037985
주안역점,인천,인천광역시 남구 주안로 116 (리가스퀘어 1층),37.463477279369,126.682519496276
경산하양점,경상북도,경상북도 경산시 하양읍 금락리 116-358,35.910108046674,128.815105270546
디큐브아트센터점,서울,서울 구로구 신도림동 360-51 디큐브아트센터 7층,37.5105701,126.8831597
인천연수역점,인천,인천 연수구 청학동 499 푸르지오 102호,37.4170623433121,126.677047880587
잠실역점,서울,서울 송파구 신천동 7-25 월드타워 1F,37.5151093387761,127.099737878523
센트로서울대점,서울,서울특별시 관악구 관악로 1 서울대학교 111동,37.4662872666604,126.94815644252
목포한국병원점,전라남도,전라남도 목포시 상동 148-1 목포한국병원 1층,34.8089892861578,126.416429907503
광주풍암점,광주,"광주 서구 풍암동 1116 1,2층",35.1266750516201,126.879119820342
울산 일산테라스파크점,울산,"울산시 동구 일산동 945번지 테라스파크 A동 109,112,113호",35.4997970975413,129.429267380769
판교도서관점,경기도,경기도 성남시 분당구 판교동 605-7,37.3903217254981,127.09347145653
양산점,경상남도,"경남 양산시 중부동 686-7 양산역프라자 109,110호",35.3379769528376,129.027438497623
보라매공원점,서울,서울시 영등포구 신길동 4327 1층 카페 파스쿠찌,37.4973425467976,126.916574827924
가천대점,경기도,경기 성남시 수정구 복정동 경원대학교 캠퍼스 內 비전타워 103-2,37.4658074787091,127.127149746638
부산역점,부산,부산 동구 초량3동 1187-1 부산역 2층 맞이방,35.1157106052968,129.042821238826
레이킨스몰점,경기도,경기 고양시 일산구 대화동 2602번지  파스쿠찌 레이킨스몰점,37.6679946733069,126.751646859873
영통구청점,경기도,경기 수원시 영통구 매탄동 1267-7 중앙프라자 1F 103호,37.2590458692116,127.045143548049
화성동탄점,경기도,"경기도 화성시 반송동 93-2번지 에스알골드프라자 118,119호 파스쿠찌  화성동탄점",37.2045438990877,127.07279627105
포스코센터점,서울,서울시 강남구 대치동 891-43 MSA빌딩 1F,37.505428505232,127.055221021113
수원AK점,경기도,경기도 수원시 팔달구 덕영대로 924 수원역 3F(AK플라자),37.2655920786365,127.000179930083
센트로광안리점,부산,부산 수영구 광안해변로 241 (민락동) 카페 파스쿠찌 센트로광안리점 1~4층,35.1548238313287,129.120262449844
센트로서면점,부산,"부산 진구 동천로 73 1층, 2층",35.1552332975378,129.062098734086
강변테크노마트점,서울,"서울시 광진구 광나루로56길 85, 지하1층 D-10호",37.535725176732,127.095692162256
목포하당점,전라남도,전남 목포시 상동 889번지 파스쿠찌 목포하당점,34.8036667890595,126.420669490956
