매점명,주소,위도,경도
강릉입암점,강원특별자치도 강릉시 성덕로 316-11 (입암동) 104호,37.7550500049515,128.920986335265
지행역점,"경기 동두천시 동두천로 119 (지행동, 지행역프라자) 1층 121호",37.8920674099318,127.054630551128
제주연오점,"제주특별자치도 제주시 연오로 95 (연동, 연오빌라) 101호",33.4846992524412,126.501757869095
전주해성점,전북특별자치도 전주시 완산구 계룡산길 84 (삼천동2가) 1층,35.7870271610852,127.104541529935
숭례문점,서울 중구 세종대로 27 (봉래동1가) 1층,37.559279875433,126.974083218612
여수산단점,"전남 여수시 여수산단로 179 (주삼동, 주삼동주유소) 1층",34.7998972662215,127.662404732865
영주아이파크점,"경북 영주시 남간로71번길 41 (휴천동, 영주 아이파크) 상가 104호",36.8203252910419,128.634918957998
보령대천점,충남 보령시 번영로 41 (대천동) 1층,36.3503417603929,126.592189501913
장수읍점,전북특별자치도 장수군 장수읍 장수리 475-6 1층 더벤티 장수읍점,35.6482759400823,127.518905167247
울산삼산점,울산 남구 삼산로317번길 28 (삼산동) 1층,35.5424218592701,129.342073722748
평택장당점,경기 평택시 송탄로 71 (이충동) 1층 더벤티,37.0516721805409,127.055727505518
삼척터미널점,"강원특별자치도 삼척시 봉황로 9-22 (남양동, 삼척종합버스터미널) 1층",37.4401079527207,129.168735339374
장성황룡점,전남 장성군 장성읍 뱃나드리로 199 (영천리) 1층,35.2913701474693,126.77543413736
대전도안호수공원점,"대전 유성구 원신흥로 122-11 (원신흥동, 명경프라자Ⅱ) 107호",36.3399400074819,127.349914687035
방이올림픽점,서울 송파구 가락로 275 (방이동) 102~102호,37.512503939469,127.11941833233
대전유성구청점,대전 유성구 어은로48번길 5 (어은동) 1층,36.3628697117488,127.357431408623
대전관저마치광장점,대전 서구 구봉로 125 (관저동) 지하1층 B102호,36.2966967938557,127.336945426325
경주중앙점,경북 경주시 계림로 96-1 (황오동) 1층,35.8428525997954,129.213632982255
광명철산점,"경기 광명시 철산로30번길 24 (철산동, 서울종합빌딩) 1층",37.4744585365014,126.869633993488
전주평화새강병원점,전북특별자치도 전주시 완산구 백제대로 20 (평화동1가) 1층,35.7968808130351,127.132157144207
울산온양점,"울산 울주군 온양읍 연안2길 2 (대안리, 상아대안1차아파트) 109호",35.4099511408946,129.282491791785
김포북변점,경기 김포시 북변중로 103 (북변동) 1층,37.6284607369772,126.706065795238
시흥대야역점,"경기 시흥시 은계중앙로 374 (대야동, 골드웨이Ⅱ) 104동",37.4509288480364,126.795087271488
광주풍암점,광주 서구 풍암2로 61 (풍암동) 1층,35.1224238464815,126.882036402762
포항해도점,경북 포항시 남구 희망대로 1019 (해도동) 1층,36.0223724971313,129.37591474059
여수미평주공점,"전남 여수시 미평로 82 (미평동, 미평빌딩) 미평빌딩 108호",34.7700938390959,127.709504275679
대전도안점,대전 유성구 도안대로 512-21 (봉명동) 1층,36.3459946287607,127.341513111663
천안병천점,충남 천안시 동남구 병천면 아우내순대길 16 (병천리) 1층 더벤티 천안병천점,36.7591445671574,127.2974507552
과기대협동문점,서울 노원구 공릉로58길 87 (하계동) 1층,37.6356495339839,127.073244801276
강서마곡점,"서울 강서구 공항대로 219 (마곡동, 센테니아) 센테니아 113호",37.5596348826715,126.83201084043
나주스카이센트럴점,"전남 나주시 문화로 184 (빛가람동, 스카이센트럴461오피스텔) 스카이센트럴 101호",35.0151268755865,126.783705398507
화순중앙점,전남 화순군 화순읍 진각로 111-3 (향청리) 1층,35.0612751365464,126.985646030883
한림대강남성심병원점,서울 영등포구 신길로 14 (신길동) 비01호,37.4939482607251,126.909223058742
전주인후점,전북특별자치도 전주시 덕진구 건산로 227 (인후동1가) 1층,35.8343224578985,127.162164642843
대구두류스타힐스점,대구 서구 서대구로8길 3 (내당동) 1층 더벤티,35.8615395949765,128.557075311144
제주연동점,제주특별자치도 제주시 연동7길 27 (연동) 1층,33.4872787930249,126.490996096786
원주소초점,강원특별자치도 원주시 소초면 치악로 2335 (흥양리) 1층,37.3836922357711,127.975354200086
인천송도레이크4차점,"인천 연수구 아카데미로312번길 31 (송도동, 힐스테이트 레이크 송도 4차) 439동 104호",37.3915241476665,126.615691117206
순천오네뜨점,"전남 순천시 충효로 103-1 (연향동, SKT) 1층",34.9482092630436,127.514775799325
광주목현점,경기 광주시 이배재로 419 (목현동) 1층,37.4335770849612,127.21354164717
부산강서구청점,부산 강서구 대저로 265 (대저1동) 1층 더벤티,35.2133519742396,128.98138635112
양산평산점,경남 양산시 평산남로 66 (평산동) 1층,35.3779172693297,129.149114016367
남양주오남점,경기 남양주시 오남읍 진건오남로 533 (오남리) 1층,37.6814341049645,127.209551296402
인천동춘점,"인천 연수구 앵고개로246번길 10 (동춘동, 대산프라자) 109호",37.4084167115333,126.67060441392
환호힐스테이트점,경북 포항시 북구 새천년대로 1344-1 (양덕동) 108호,36.0757474616925,129.39344793137
동탄장지점,경기 화성시 동탄장지천5길 4-1 (장지동) 1층 더벤티,37.158111523452,127.106853048218
이마트서수원점,"경기 수원시 권선구 수인로 291 (구운동, 서수원버스터미널) 1102호",37.28262996578,126.97014551047
의정부신시가지점,"경기 의정부시 신흥로 223 (의정부동, 성원빌딩) 1층",37.7361661181095,127.043067766765
삼양점,서울 강북구 솔샘로 236 (미아동) 1층 더벤티,37.6197797087002,127.018811222114
마산역점,"경남 창원시 마산회원구 3.15대로 683 (석전동, 황치과) 1층",35.2339299086949,128.578613093085
창원팔용사화점,경남 창원시 의창구 남산로17번길 12 (팔용동) 1층,35.2602173108428,128.613004116187
대전대흥점,대전 중구 보문로 258-1 (대흥동) 103호,36.3256671612062,127.422303756473
인천계산중앙점,인천 계양구 계산로 148 (계산동) 1층,37.53697733668,126.728658038695
강릉옥계점,강원특별자치도 강릉시 옥계면 현내시장길 70 (현내리) 1층,37.6097622322279,129.035511360285
칠곡3지구점,"대구 북구 학정로 421 (동천동, 일도프라자) 109호",35.9423756671288,128.563087719713
여수고인돌점,전남 여수시 대통로 87 (화장동) 1층,34.7766712340235,127.645643348827
구리돌다리점,경기 구리시 검배로 3 (수택동) 1층,37.6007585000995,127.141718425186
청주가경우체국점,충북 청주시 흥덕구 풍년로95번길 4 (가경동) 1층 일부호,36.6216324007925,127.436021161962
진주상평점,경남 진주시 돗골로 30 (상평동) 1층 더벤티,35.1708782434603,128.112966504377
대전시청점,"대전 서구 둔산남로 85 (둔산동, 크레온오피스텔) 106호",36.3493121288191,127.387095171543
대구월배역디엘점,"대구 달서구 월배로 159 (진천동, 월배역 디엘 라온프라이빗) 113호 더벤티",35.81730117385,128.52980391376
여수수산시장점,"전남 여수시 충무로 23-1 (교동, 수협) 1층",34.73861707559,127.731197075999
아산탕정역점,"충남 아산시 탕정면 한들물빛도시로 70 (매곡리, 한들물빛도시지웰시티센트럴푸르지오2단지) C동 111호 더벤티 아산탕정역점",36.7851754497874,127.084673266115
천안목천점,"충남 천안시 동남구 목천읍 충절로 921 (신계리, 시온빌딩) 101~102호 더벤티 천안목천점",36.7750923682288,127.21203718393
인천계양제일풍경채점,인천 계양구 마장로544번길 10 (효성동) 제일풍경채계양 위너스카이 1단지 판매시설동 1층 C-104호,37.5258138870392,126.705784583334
오목교역점,서울 양천구 오목로 328 (목동) 1층,37.5244545693799,126.873821642189
부산안락점,부산 동래구 연안로59번길 89-2 (안락동) 1층 더벤티 부산안락점,35.1946458396207,129.103320177601
이마트연수점,"인천 연수구 경원대로 184 (동춘동, 이마트) 지상 1층 일부호, 더벤티 이마트연수점",37.4042185993456,126.681119564924
신안지도점,전남 신안군 지도읍 읍내리 191-2 B-10,35.0596656364398,126.207426895677
양산산막산업단지점,경남 양산시 산막공단북9길 43 (산막동) 1층 더벤티,35.3711798284882,129.064424545111
포항효자SK뷰점,경북 포항시 남구 효성로 79 (효자동) 1층 더벤티,36.0059547135845,129.342507320627
동두천중앙역점,경기 동두천시 어수로 108 (생연동) 1층,37.9020015410841,127.054546363708
성신여대점,서울 성북구 보문로34길 77 (동선동1가) 1층,37.5913951714064,127.019489103554
아산모종점,"충남 아산시 모종로22번길 33 (모종동, 모종캐슬어울림2단지) 1층",36.7815958072853,127.02121914576
군위군청점,대구 군위군 군위읍 군청로 200-1 (동부리) 1층,36.2408614974907,128.57266221691
부천조마루사거리점,"경기 부천시 원미구 부천로 151 (심곡동, 운현프라자) 1층",37.4977438380463,126.785460194013
문경중앙점,경북 문경시 중앙로 116-1 (점촌동) 1층 더벤티,36.5953529154172,128.199612413638
문정법조타운점,"서울 송파구 법원로8길 8 (문정동, 문정역2차 SK V1) 120호",37.4840522567721,127.121965851587
완도중앙점,전남 완도군 완도읍 개포로 171 (가용리) 1층,34.320188769169,126.746819708786
안성두원공대점,"경기 안성시 죽산면 관음당길 51 (장원리, 두원공과대학교) 1층 더벤티 안성두원공대점",37.0657187174804,127.4237691831
구미삼성점,경북 구미시 진평2길 71 (진평동) 1층 더벤티 구미삼성점,36.1047540996082,128.417979466967
광주소촌모아엘가점,"광주 광산구 소촌로 100 (소촌동, 소촌동 모아엘가) 109동 114호",35.1534396036734,126.793122942341
광진우체국점,"서울 광진구 강변역로 2 (구의동, 광진우체국) 1층 더벤티",37.5377539588105,127.089961052081
대전관평테크노밸리점,대전 유성구 테크노4로 29 (관평동) 1층 102호,36.4312030537409,127.393624874525
원주시청점,"강원특별자치도 원주시 시청로 22 (무실동, 리젠트프라자) 104호",37.3401980492319,127.922256654508
송파가락점,서울 송파구 송이로 91 (가락동) 1층,37.4980680114469,127.120952430288
언양교동점,울산 울주군 삼남읍 봉화로 19 (교동리) 1층,35.5578178672628,129.11758043641
익산부송라온점,전북특별자치도 익산시 마한로 211 (부송동) 101호,35.9665016955114,126.987116333046
익산평화하늘채점,"전북특별자치도 익산시 익산대로8길 9 (평화동, 익산역 하늘채 더 퍼스트) 지1층 6층",35.9347059680492,126.946763201182
롯데마트전주점,"전북특별자치도 전주시 완산구 우전로 240 (효자동2가, 롯데마트) 롯데마트 1층",35.8165278029153,127.102498684523
시흥디원시티점,경기 시흥시 시흥대로 490 (광석동) 디원시티마일스톤한라 B105호,37.3844585679301,126.80604609495
도화초점,"인천 미추홀구 경인로246번길 5 (도화동, 버드나무아파트) 103호 더벤티 도화초점",37.4632649899131,126.669436845127
광주수완대방5차점,광주 광산구 장신로64번길 9-14 (장덕동) 1층 더벤티,35.1901295937359,126.818372475794
대구고성점,"대구 북구 고성북로 34 (고성동3가, 오페라 트루엘 시민의 숲 아파트) 301동 105호",35.8831660433219,128.584072679414
천안불당점,"충남 천안시 서북구 검은들3길 52 (불당동, 드림프라자) 106호 더벤티 천안불당점",36.8100368665423,127.109330969418
순천선평삼거리점,전남 순천시 가곡동 5-5 1층,34.9912005922776,127.494155577264
수성레이크점,대구 수성구 두산동 837-1 1~3층,35.8251987192527,128.622041622217
아산배방삼성점,"충남 아산시 배방읍 배방로173번길 1 (북수리, 패밀리마트) 1층 102호",36.7704852607958,127.065250761077
완주삼례우석대점,전북특별자치도 완주군 삼례읍 동학로 104 (삼례리) 1층,35.9152684066091,127.069241045845
부산온천점,부산 동래구 온천동 210-47 1층 더벤티 부산온천점,35.2189697381696,129.081695721598
토성동서구청점,부산 서구 까치고개로 246 (토성동1가) 1층 101호,35.0994842743057,129.022614061948
부천춘의역점,경기 부천시 원미구 부천로 229-7 (춘의동) 1층 일부호,37.5044313559376,126.786650621688
별내로데오점,"경기 남양주시 별내중앙로 54 (별내동, 예스프라자프론티어) 1층 106호",37.6473160736326,127.123868559782
경주용황휴포레점,"경북 경주시 용황로7길 8 (용강동, 협성휴포레용황) 302동 403호",35.8849895401585,129.226122430279
고덕베네루체점,"서울 강동구 구천면로 640 (상일동, 고덕 롯데캐슬 베네루체(상가A동)) 109호",37.5502858368826,127.169085796412
수유역점,서울 강북구 오패산로 414 (번동) 1층 더벤티,37.6377260641478,127.026489761964
쌍문초점,서울 도봉구 노해로 137 (쌍문동) 1층 더벤티,37.6472417886518,127.025356050261
진천양우점,"충북 진천군 진천읍 농다리로 1431 (신정리, 양우내안애 해오르미) 상가동 102호",36.8471459088682,127.454863800261
사직삼거리점,부산 동래구 아시아드대로 183 (사직동) 1층 더벤티 사직삼거리점,35.2009229496178,129.064600074858
홍성내포점,"충남 홍성군 홍북읍 청사로48번길 4 (신경리, 아이프라자) 101호",36.6486396715518,126.675262050523
의정부중앙역점,경기 의정부시 호국로 1308 (의정부동) 1층 더벤티,37.7434232887773,127.049391067879
이마트안산고잔점,"경기 안산시 단원구 원포공원1로 46 (초지동, 이마트) 3층 3110호",37.3031149487989,126.812920187596
대전대점,대전 동구 대학로 62-10 (용운동) 1층,36.3353668399028,127.457004456797
횡성둔내점,강원특별자치도 횡성군 둔내면 둔방내리 88-7 1층 더벤티 횡성둔내점,37.5131015593442,128.2135882326
서초교대점,"서울 서초구 사임당로17길 68 (서초동, 서초빌딩) 1층 4호",37.4919101390805,127.016989995845
화정로데오점,"경기 고양시 덕양구 화신로260번길 37 (화정동, 진솔그린프라자) 102호",37.6324862847684,126.832531142112
김제금구점,전북특별자치도 김제시 금구면 봉두로 76 (금구리) 1층,35.7752590936323,127.010135279849
익산동산점,전북특별자치도 익산시 동천로 81-21 (동산동) 1층,35.9303065560449,126.970263384968
익산팔봉점,전북특별자치도 익산시 무왕로 1332 (팔봉동) 1층,35.9619375367378,127.00421364221
대전월평점,대전 서구 대덕대로 325 (월평동) 스타게이트 1층 65호,36.361914557373,127.378926537199
천안쌍용점,"충남 천안시 서북구 월봉로 128 (쌍용동, 知&美빌딩) 1층",36.8021267682049,127.119052378427
광양중마점,전남 광양시 광장로 139-1 (중동) 1층,34.9364782223553,127.694832643484
선릉역점,"서울 강남구 테헤란로 327 (역삼동, 빅토리아오피스텔) 101-b호",37.504424108842,127.047222903908
부산동래점,"부산 동래구 명륜로129번길 36 (명륜동) 1,2층 더벤티 부산동래점",35.2053490363651,129.080227352788
역곡북부역점,경기 부천시 원미구 부일로 748 (역곡동) 1층 101,37.4859325939518,126.78267201802
동인칸타빌점,대구 중구 공평로 100 (동인동1가) 나동,35.8728382539051,128.601370603245
대전산성점,대전 중구 보문산로 37 (산성동) 1층,36.3047576880828,127.384696297429
김포풍무역점,경기 김포시 김포대로 699 (풍무동) 드림시티 1층 110호,37.6117999367693,126.732914262785
대구수성1가점,"대구 수성구 수성로75길 16 (수성동1가, 유성푸르나임) 1층 더벤티",35.8579231665833,128.612948775365
철원문혜리점,강원특별자치도 철원군 갈말읍 두루미로 95-1 (문혜리) 1층,38.1847613680451,127.320483844769
관악행운점,서울 관악구 관악로 200 (봉천동) 101호,37.4826749700262,126.954148680121
대구두류점,대구 달서구 야외음악당로39길 51 (두류동) 1층 더벤티,35.8541313886188,128.553799905338
롯데마트아산터미널점,"충남 아산시 번영로 225 (모종동, 아산시외버스터미널복합시설) 아산시외버스터미널복합시설 1동 지하1층 102호 일부 (롯데마트)",36.7846406948284,127.015900817212
인천용현유원점,"인천 미추홀구 아암대로29번길 86 (용현동, 백제당빌딩) 102호",37.45631794274,126.640903617026
미사중앙점,"경기 하남시 미사강변중앙로 219 (망월동, 레이크힐) 레이크힐 104호",37.5660399138275,127.188608624388
영도동삼점,부산 영도구 동삼로28번길 14 (동삼동) 1층 더벤티,35.0767510634863,129.072379574578
회현역점,서울 중구 남대문시장8길 26 (남창동) 1층,37.5592372383262,126.978467904444
현대기아로점,경기 화성시 팔탄면 현대기아로 42 (노하리) 1층 더벤티,37.1579421905922,126.849404887744
광주첨단시리단길점,광주 광산구 임방울대로826번길 19-23 (쌍암동) 1층,35.2167465260066,126.850046181655
인천주안역점,"인천 미추홀구 주안로 112 (주안동, 대동빌딩) 1층 더벤티 인천주안역점",37.4636610888271,126.682085232108
검단현해점,"인천 서구 고산후로 285 (불로동, 현해타워2) B10호",37.6092252331955,126.698276220185
제주노형이편한세상점,제주특별자치도 제주시 수덕로 69 (노형동) 1층,33.4844241345135,126.470607092953
순천연향3지구점,"전남 순천시 팔마4길 26 (연향동, 핸디빌) 핸디빌 1층 더벤티 순천연향3지구점",34.9344343810782,127.515859464131
여수미평공원점,전남 여수시 둔덕2길 6-4 (미평동) 1층,34.767062231762,127.702750536544
창원법원점,경남 창원시 성산구 사파동 124-13 1층,35.2234756464265,128.699534720253
여수유월드점,전남 여수시 소라면 안심산길 155 (죽림리) 1층,34.7479095015878,127.641463543146
포항대송점,경북 포항시 남구 대송면 제내길 37 (제내리) 1층,35.9829706894069,129.363147017172
안산반달섬점,경기 안산시 단원구 엠티브이17로 6 (성곡동) 104호,37.3037614583733,126.736043246345
구미도량주공점,경북 구미시 송동로 149 (도량동) 1층,36.1458881328392,128.322777728866
전주송천뜨란채점,전북특별자치도 전주시 덕진구 송천동2가 241-1 1층,35.8664797840265,127.124113867985
포항펜타시티점,"경북 포항시 북구 흥해읍 펜타시티단지로 61 (대련리, 포항펜타시티 대방엘리움 퍼스티지I) B207호",36.0595722450302,129.307744556442
대구성광우방점,"대구 북구 호암로 20 (칠성동2가, 성광우방타운) 상가 102호, 103호",35.8826629400748,128.592024742914
신검단중앙역점,"인천 서구 금정로 12 (불로동, 신검단중앙역풍경채어바니티) 상가동 125호",37.605612464213,126.698949129407
면목2동점,"서울 중랑구 봉우재로14길 31 (면목동, 삼영빌딩) 1층",37.5891214512213,127.078347378111
일산국립암센터점,경기 고양시 일산동구 일산로316번길 5-10 (마두동) 1층,37.6642902343159,126.785008959024
청주터미널점,"충북 청주시 흥덕구 풍산로 18 (가경동, 터미널타워) 1층",36.6258573017598,127.432823596383
양주고읍점,경기 양주시 고읍남로 10 (광사동) 105호,37.7954018235321,127.079950335085
대전한남대점,대전 대덕구 한남로 26 (오정동) 1층,36.351321724123,127.425354724822
대전은행점,대전 중구 중앙로164번길 35 (은행동) 1층,36.327900328618,127.428694155126
대구만촌3동점,대구 수성구 교학로 14 (만촌동) 1층,35.8539820779174,128.652341939103
부천작동점,경기 부천시 오정구 삼작로 481 (작동) 1층,37.5189170458333,126.815080503886
을지로4가역점,서울 중구 을지로 186 (을지로4가) 1층,37.5664126594586,126.998786830156
안산역점,경기 안산시 단원구 중앙대로 455 (원곡동) 1층,37.3282921657513,126.78984634548
경산하양대가대점,경상북도 경산시 하양읍 하양로 42 1층,35.9093981219124,128.814368411653
롯데마트광복점,부산 중구 중앙동7가 20-1 1층,35.0979951352382,129.036103332564
여수봉계점,전남 여수시 봉계동 33-51 1층,34.7837495102029,127.694067724903
충북대점,충북 청주시 서원구 내수동로102번길 42 (사창동) 1층,36.6323829213457,127.456676844711
천안삼룡스크린골프점,충남 천안시 동남구 삼룡4길 58-4 (삼룡동) 1층,36.7804359703957,127.171328163859
종로공평점,"서울 종로구 삼봉로 95 (견지동, 종로1가 대성 스카이렉스)  종로1가 대성스카이렉스",37.5723111874784,126.982568392463
남양주연평리점,경기 남양주시 진접읍 양진로 956 (연평리) 106호,37.7042693775193,127.180597535339
용인고진역힐스점,"경기 용인시 처인구 고림로162번길 15 (고림동, 힐스테이트 용인 고진역 1단지) 103-1호",37.2443104606725,127.221570566194
이대점,서울 서대문구 이화여대길 68 (대현동) 1층,37.5593127212475,126.944645184819
마석원병원점,경기 남양주시 화도읍 경춘로 1943 (창현리) 1층,37.6514701378882,127.304259007348
구미강동점,경북 구미시 진평동 120-1 1층,36.0952137434328,128.423478230394
대구금호점,대구 북구 내곡로 36 (사수동) 1층,35.8988189336567,128.509859295686
수원송죽점,"경기 수원시 장안구 송원로 39 (송죽동, 월드타워) 113호",37.2991817322024,127.006761092336
광주산정점,광주 광산구 월곡산정로 7-1 (산정동) 1층,35.1668089521476,126.803105915114
목포대성점,전남 목포시 산정동 1787-32 1층,34.8020103345546,126.381038648918
전북도청점,전북특별자치도 전주시 완산구 효자동2가 1155-10 101호,35.8148869847022,127.108735982189
하남시청역점,"경기 하남시 하남대로 830-1 (덕풍동, 더샵하남에디피스) 103호",37.5426486612795,127.206867251578
대구달서구청점,대구 달서구 월성동 275-2 건도빌딩 105호,35.8315576722054,128.532413867689
강릉동인병원점,강원특별자치도 강릉시 강릉대로419번길 23 (포남동) 1층,37.7728578750022,128.908193341758
포항철길숲점,경북 포항시 북구 득량동 288-7 1층,36.0235299813591,129.35031495641
정읍북면점,전북특별자치도 정읍시 북면 한교리 48-6 1층 더벤티 정읍북면점,35.6147027110755,126.89334863108
대전가오점,대전 동구 동구청로 101 (가오동) 1층,36.3070582092672,127.456169939554
구미인동하늘채점,"경북 구미시 여헌로 40-13 (인의동, 구미인동하늘채디어반) 상가 104호",36.1049403363233,128.425756157682
경주인왕점,경북 경주시 인왕동 751-1 1층,35.837223841935,129.219825312423
강서가로공원점,"서울 강서구 가로공원로 178-5 (화곡동, 케이씨타운) 케이씨타운 101호",37.5366685596041,126.835674862103
수원매교힐스테이트점,경기 수원시 팔달구 효원로219번길 55 (인계동) 101~102호,37.2645322964829,127.026430186068
순천법원점,전남 순천시 왕지로 43 (왕지동) 101호,34.9700001636516,127.526793237214
양산북정대로점,"경남 양산시 양산대로 986 (북정동, 상훈빌딩) 1층",35.3580874007555,129.040210956874
경산임당점,"경북 경산시 남매공원로1길 27 (계양동, 블루핀 임당 제니스 오피스텔) 101호",35.8337156486832,128.744087338115
종로르메이에르점,"서울 종로구 종로 19 (종로1가, 르메이에르종로타운1) 107-1호",37.5708444878121,126.979923668151
옥정에듀포레점,"경기 양주시 옥정서로5길 55 (옥정동, 양주옥정신도시 디에트르 에듀포레) B209호",37.8346207128728,127.083298810711
신림역점,서울 관악구 신림동 1640-10 1~3층,37.4838516726727,126.929430424994
대구복현푸르지오점,대구 북구 복현동 694 복현푸르지오 401동 114호,35.8913649528415,128.62785042488
덕소강변스타힐스점,"경기 남양주시 와부읍 덕소로 213 (도곡리, 덕소강변서희스타힐스)  상가 3동 303호 더벤티 덕소강변스타힐스점",37.5799304136988,127.220112703304
롯데마트성정점,"충남 천안시 서북구 성정두정로 1 (성정동, 롯데마트 성정점) 3층",36.826289449917,127.140096973863
익산영등제일점,"전북특별자치도 익산시 고봉로30길 17 (영등동, 제일아파트상가) 105호",35.9562429631725,126.972167571422
아차산점,서울 광진구 천호대로129길 16 (구의동) 1층 (구의동),37.5526189044777,127.090674227245
해운대중동역점,"부산 해운대구 좌동순환로 505 (중동, 센트럴메디타워) 1층 103호 더벤티 해운대중동역점",35.1656679331562,129.168224196446
제천의림지점,충북 제천시 의림대로 580 (모산동) 1층 더벤티 제천의림지점,37.1779838352338,128.210262160403
강릉교동점,강원특별자치도 강릉시 교동광장로 129 (교동) 1층,37.7646006048369,128.879214558625
안산고잔역점,경기 안산시 단원구 화정천동로 106 (고잔동) 1층 (고잔동),37.3143851841491,126.821980978588
광주행암점,광주 남구 효덕로 201 (행암동) 주건축물제1동 1층 103호 더벤티 광주행암점,35.1020327632404,126.899308824586
나주동신대점,전남 나주시 대호길 76-21 (대호동) 1층,35.0440868088398,126.717202476876
전주시청점,전북특별자치도 전주시 완산구 팔달로 262-14 (서노송동) 1층(서노송동),35.8261701875681,127.144751883039
강서가양점,"서울 강서구 허준로 16 (가양동, 성지빌딩) 1층 102호 (가양동)",37.5703291249212,126.84346068548
의왕스마트시티점,경기 의왕시 광진말로 54 (초평동) 1층 S149호 (초평동),37.3209328118125,126.940659894464
천안풍세수자인점,"충남 천안시 동남구 풍세면 풍세산단로 290 (보성리, 천안 한양수자인 에코시티) 상가동 1층 183호 (천안 한양수자인 에코시티)",36.7236798779189,127.103930311717
석촌중앙점,"서울 송파구 백제고분로33길 14 (석촌동, 유림빌딩) 유림빌딩 1층 더벤티 석촌중앙점",37.5038242686923,127.098869673092
인천옥련시장점,"인천 연수구 독배로40번길 11 (옥련동, 효명프라자) 1층 102호(옥련동, 효명프라자)",37.4245267307736,126.645636090343
김해진영장등점,"경남 김해시 진영읍 장등로 94 (진영리, 중흥S클래스3단지아파트) 331동 1층 111호 (중흥S클래스3단지아파트) 더벤티 김해진영장등점",35.3126677958973,128.731623715586
현대테라타워DMC점,경기 고양시 덕양구 향동로 218 (향동동) 현대테라타워DMC A-B112호,37.6083831457184,126.893918276042
인천시티오씨엘점,"인천 미추홀구 학익로 116 (학익동, 시티오씨엘 1단지) 126동 1층 16호 (학익동, 시티오씨엘 1단지)",37.4419513843446,126.643265425669
청주예술대점,충북 청주시 청원구 안덕벌로104번길 14-2 (내덕동) 1층 더벤티 청주예술대점(내덕동),36.6575584258472,127.499325032671
양산사송점,"경남 양산시 동면 사송로 55 (사송리, 사송역 우미린 포레스트) 1층 112호 더벤티 양산사송점",35.306203984611,129.073503087247
포항양덕삼구점,"경북 포항시 북구 장량중앙로 130 (양덕동, 양덕삼구트리니엔3차) 311동 105호(양덕동, 양덕삼구트리니엔3차)",36.0887892369231,129.395871296074
대구반월당점,대구 중구 중앙대로 333 (남산동) 1층(남산동) 더벤티 대구반월당점,35.8629010642407,128.592894039372
익산부영1차점,전북특별자치도 익산시 무왕로 1118 (어양동) 1층 더벤티 익산부영1차점,35.9583737607912,126.980902560814
이천하이닉스점,경기 이천시 부발읍 경충대로2092번길 31 (아미리) 1층 105호(이천아미리슈빌S),37.2526577702159,127.49143157706
거제지세포점,경남 거제시 일운면 거제대로 2575 (소동리) 주1동 1층,34.835617936539,128.698727543112
김해삼방점,경남 김해시 삼안로 227-1 (삼방동) 1층 (삼방동),35.2484025442358,128.910708335564
구미옥계에덴점,경북 구미시 흥안로 14 (옥계동) 101호 (옥계동),36.1471504738861,128.417148625079
포항용산점,"경북 포항시 남구 오천읍 정몽주로 331 (문덕리, 오천천마타운) 5동 108호 더벤티 포항용산점",35.9491004547574,129.409039725282
광주평동점,광주 광산구 평동로 812 (옥동) 1층,35.1242854895254,126.763063331345
돌곶이역점,"서울 성북구 화랑로 245 (장위동) 102호, 103호",37.6108496096764,127.056498494404
댕리단길점,경기 안양시 만안구 안양로329번길 17 (안양동) 1층 101호(안양동),37.400783388761,126.918314426557
순천한양수자인점,"전남 순천시 삼산로 173 (용당동, 한양수자인 디에스티지) 근린생활시설동 B202호(용담동, 한양수자인 디에스티지)",34.977429900303,127.493788112576
창원온천점,경남 창원시 성산구 동산로73번길 11 (상남동) 1동 1층 101호,35.2172880263468,128.684938358686
강남자곡점,서울 강남구 자곡로 172 (자곡동) 1층 119호 더벤티 강남자곡점,37.4732536264997,127.102566346886
마포합정점,서울 마포구 독막로 42 (합정동) 1층 더벤티 마포합정점,37.5478025919408,126.917910400658
고려대역점,서울 성북구 종암동 29-29 1층 더벤티 고려대역점,37.5923134760269,127.03622823603
천호역성내점,"서울 강동구 올림픽로62길 18 (성내동, 케이빌딩) 케이빌딩 1층 101-2호 더벤티 천호역성내점",37.5362857629839,127.123736947948
구미산동우미린점,"경북 구미시 산동읍 신당인덕3로 3 (인덕리, 우미린풀하우스) 1동 1층 106호 더벤티 구미산동우미린점",36.1614724851317,128.436792968079
강릉유천점,강원특별자치도 강릉시 선수촌로 69 (홍제동) A동 107호,37.7572656275118,128.87003946222
군산푸르지오점,"전북특별자치도 군산시 궁포2로 20 (조촌동, 군산 디오션시티 푸르지오) 1층 2호",35.9794771429383,126.739236992765
여수이순신광장점,전남 여수시 동문로 2-2 (중앙동) 1층(중앙동),34.740433727727,127.736436924791
음성감곡점,충북 음성군 감곡면 왕장리 453-6 1층,37.1186466880585,127.636892275186
전북순창점,전북특별자치도 순창군 순창읍 장류로 355 (순화리) 더벤티 전북순창점,35.3767703839361,127.141197788853
김포장기역점,"경기 김포시 김포한강1로51번길 28 (장기동, 레드클로버) 107호",37.6441443537542,126.667048031405
마포도화점,"서울 마포구 삼개로 16 (도화동, 근신빌딩) 근신빌딩 본관 1층 102호",37.5392825670042,126.947276903557
평내리치점,"경기 남양주시 경춘로1350번길 35 (평내동, 리치플러스) 리치플러스 1층 105호 더벤티 평내리치점",37.6503401497521,127.243298419924
대구달서SK뷰점,"대구 달서구 용산로 40 (본리동) 201동 1층 112호(본리동,달서SK뷰) 더벤티 대구달서SK뷰점",35.8415203907583,128.532217040233
청주교대점,"충북 청주시 서원구 청남로 2065 (수곡동, 청주교육대학교) 청주교대 교육대학원 1층",36.6154291995103,127.484009466388
동탄G타워점,"경기 화성시 동탄첨단산업2로 43 (영천동) 1층 117호(영천동, 동탄G타워 지식산업센터)",37.2137126291294,127.101353119015
덕하뉴시티에일린점,울산 울주군 청량읍 덕하1로 55 (덕하리) 상가동 지1층 104호 (울산 뉴티시 에일린의뜰 2차),35.4825305718827,129.3027116699
익산배산점,"전북특별자치도 익산시 배산로3길 56 (모현동1가, 하나카센타) 1층 더벤티 익산배산점",35.945888360419,126.935967923966
거창점,"경남 거창군 거창읍 아림로 23 (상림리, 아진캐슬) 1층 더벤티 거창점",35.6851715472259,127.910573477158
김천부곡점,"경북 김천시 부곡중앙1길 79 (부곡동, 김천 푸르지오 더 퍼스트) 401동 103~104호 더벤티 김천부곡점",36.1271478971738,128.100208202586
제주김녕점,제주특별자치도 제주시 구좌읍 김녕로 124 (김녕리) 1층 더벤티 제주김녕점,33.5546797582372,126.751307914184
울산센트리지점,울산 중구 복산동 460-72 2단지 102호 더벤티 울산센트리지점,35.5607079935751,129.326727859039
평촌로데오점,"경기 안양시 동안구 관평로170번길 33 (관양동, 평촌주공공이) 1층 118-1호 (관양동, 평촌주공공이)",37.3928563453541,126.962921408261
충남서천점,충남 서천군 서천읍 서천로 166 (사곡리) 1층 더벤티,36.0826686800113,126.687555282257
강원태백점,강원특별자치도 태백시 황지로 17 (황지동) 1층 (황지동),37.1604424956829,128.990128986084
인천숭의스타디움점,"인천 미추홀구 참외전로 268 (숭의동, 스타디움 센트럴시티) 302동 B206호 더벤티 인천숭의스타디움점",37.4676423328736,126.643011577667
익산IC점,"전북특별자치도 익산시 무왕로 1592 (덕기동, 노다지식당 , 우리조명) 1층 더벤티 익산IC점",35.9712146472371,127.029961935016
포항오천시장점,경북 포항시 남구 오천읍 세계길 39 (세계리) A동 108호,35.9659107395351,129.415394000903
기장월전점,부산 기장군 기장읍 월전해안길 1 (죽성리) 1층 더벤티 기장월전점,35.2386153110953,129.24365996804
서울대점,"서울 관악구 관악로 1 (신림동, 서울대학교) 200동 2층 2007A호 (신림동, 서울대학교)",37.4662872666604,126.94815644252
연신불광점,서울 은평구 연서로 292 (불광동) 1층 더벤티,37.621619174472,126.926720824748
광주풍암2지구점,광주 서구 풍암신흥로 19-1 (풍암동) 1층 더벤티,35.120229610776,126.865709053157
마산산호점,경남 창원시 마산합포구 삼호로 55 (산호동) 2층,35.2221823483052,128.584776336968
여수화장점,전남 여수시 화산로 2 (화장동) 1층 더벤티 여수화장점,34.7708174671644,127.639032496111
경북안계점,"경북 의성군 안계면 안계시장길 30 (용기리, 안계행복플랫폼) 119호",36.3849272262,128.437790225654
전북정읍첨단점,전북특별자치도 정읍시 첨단2로 3 (신정동) 101호,35.5074417594081,126.837350559988
창원무동점,경남 창원시 의창구 북면 동곡로 5 (무동리) 1층 106호,35.3169265345836,128.58527526929
둔촌동역점,서울 강동구 양재대로89길 13 (성내동) 1층 102호,37.5264724862245,127.134713417427
평택이충점,"경기 평택시 이충로35번길 20-9 (이충동, 이충센타프라자) 1층 112호",37.0603508358434,127.066470485898
김포은여울점,"경기 김포시 김포한강8로 173-59 (마산동, e편한세상 한강신도시2차) 제상가동 제1층 제106호",37.6367046703138,126.639010119232
강릉포남점,강원특별자치도 강릉시 하평길 30 (포남동) 1층,37.7702349782029,128.911933301541
속초중앙점,강원특별자치도 속초시 청초호반로 329-1 (중앙동) 1층 더벤티 속초중앙점,38.2032578564759,128.591412103664
사천사남점,경남 사천시 사남면 조동길 14 (월성리) C동 101호,35.0633196484004,128.070307907166
이천부발점,경기 이천시 부발읍 무촌로 122 (무촌리) 1층,37.282757747329,127.487446328857
대구수성못점,대구 수성구 용학로 35-3 (상동) 1층,35.8264397277616,128.613537937008
홍성로데오점,충남 홍성군 홍성읍 조양로 140-1 (오관리) 1층,36.6016068369029,126.665334487621
양주봉양점,경기 양주시 칠봉산로 218 (봉양동) 1층 102호,37.8536775170757,127.077320819498
대전보문산점,"대전 중구 보문산공원로 486 (대사동) 1,2층",36.3122487130234,127.421280233046
숭의로터리점,인천 미추홀구 독배로 498 (숭의동) 1층,37.4618930435853,126.643829682137
서귀포상창점,제주특별자치도 서귀포시 안덕면 병악로 107 (상창리) 1층,33.2853281470376,126.365207421009
원주관설점,강원특별자치도 원주시 관설동 1701-2 1층,37.3192816200552,127.964449824067
천안상명대점,"충남 천안시 동남구 상명대길 27 (안서동, 영일빌딩) 101호",36.8328476155895,127.176208427304
거제더샵디클리브점,경남 거제시 상동5길 56 (상동동) 303동 1층 C101호,34.8653062400352,128.633033301711
부천도당점,경기 부천시 원미구 수도로 186 (도당동) 1층 일부,37.5189776149653,126.78591523384
롯데마트월드타워점,"서울 송파구 올림픽로 300 (신천동, 롯데월드타워앤드롯데월드몰) 롯데월드몰 지하2층 롯데마트",37.5137129859207,127.104301829165
인천청라초교점,인천 서구 청라에메랄드로133번길 5 (청라동) 1층 101호 일부,37.5368980559135,126.655940895073
구미도산초교점,경북 구미시 문장로 86-2 (도량동) 1층,36.1411709885799,128.33245431418
일산주엽역점,"경기 고양시 일산서구 중앙로 1425 (주엽동, 주엽역 삼부르네상스) 가동 116호",37.6694698446341,126.761379614122
동마산시장점,"경남 창원시 마산회원구 합성남8길 76 (합성동, 동마산시장) 가동 8,9호",35.2400366085796,128.58754489355
만안구청점,경기 안양시 만안구 안양로 122 (안양동) 1층 일부호,37.3857227545673,126.932683289623
인제신남터미널점,강원특별자치도 인제군 남면 신남로 23 (신남리) 1층,37.965953441823,128.077278268882
부산재송점,부산 해운대구 재송1로 56 (재송동) 1층 일부호,35.187481370937,129.123876305388
포항역삼구점,경북 포항시 북구 흥해읍 이인로 52 (이인리) 134동 101호,36.0742572512298,129.334639310491
칠곡왜관순심점,경북 칠곡군 왜관읍 관문로 58-8 (왜관리) 1층,35.9869082705062,128.401206867915
가산AP타워점,서울 금천구 가산디지털1로 16 (가산동) 에이피타워 1층 116-R호,37.467610225193,126.888086110324
중곡점,서울 광진구 중곡동 117-1 1층,37.5561693273958,127.08787768862
광주문흥점,광주 북구 서하로 363 (문흥동) 1층,35.1865251765341,126.920312505539
울산문수아이파크점,울산 남구 문수로423번길 8 (신정동) 1층 104호,35.5343091650863,129.299992058273
시흥소래초점,경기 시흥시 호현로49번길 4-1 1층,37.4446732243684,126.784705964295
용인신봉점,"경기 용인시 수지구 신봉2로 2 (신봉동, 센트럴500) 107호",37.3231709437751,127.078027112795
미사강변스카이폴리스점,"경기 하남시 미사강변한강로 135 (망월동, 미사강변 스카이폴리스) 가 110호",37.57657762204,127.19204652447
순천금당부영6차점,"전남 순천시 해룡면 장선배기길 272 (상삼리, 부영6차아파트) 상가동 지상1층 106호",34.9462061311856,127.530054821027
전주서신이마트점,"전북특별자치도 전주시 완산구 당산로 116 (서신동, 대봉빌딩) 1층",35.8320023840393,127.12097077192
사상공단점,부산 사상구 감전동 165-21 1층,35.1527544741288,128.97775115423
광주진곡산단점,광주 광산구 진곡산단2번로 47-60 (오선동) 1층,35.2000510818233,126.790327739924
경기양평점,경기 양평군 양평읍 양평시장길 26-1 (양근리) 102호,37.4910573409736,127.490812414485
화성봉담점,경기 화성시 봉담읍 삼천병마로 1268 (상리) 107호,37.2192421556406,126.948221550409
대전신탄진점,대전 대덕구 대청로 55 (신탄진동) 1층,36.4530367579933,127.434557798043
구미광평점,"경북 구미시 구미대로 186-22 (광평동, 푸르지오1차) 상가동 1층 103호",36.1033111454341,128.36521780575
부천오정점,"경기 부천시 오정구 오정로 242 (오정동, 낙원빌딩) 1층",37.5291487094898,126.785946581213
전주금상점,전북특별자치도 전주시 덕진구 전진로 36 (산정동) 1층,35.841474490097,127.172822084938
벡스코점,"부산 해운대구 센텀2로 19 (우동, 센텀코아) 1층 106호(입구쪽 남서측 일부)",35.1674326155799,129.132578988323
별내중앙점,경기 남양주시 별내동 1097-2 104호,37.6502749699751,127.112655313537
울산빌리브점,울산 중구 구교로 59 (학성동) 판매시설동 1층 127호,35.5558457915106,129.330947790549
대구명곡점,대구 달성군 화원읍 명곡리 105-2 1층,35.7983286245706,128.49573031404
광주화정모아타운점,"광주 서구 화정로 129 (화정동, 모아아파트) 모아아파트 105동 상가동 1층 109호",35.145353947757,126.87146160832
고덕역점,"서울 강동구 고덕로 266 (명일동, 고덕역 대명벨리온) 1층 102호",37.5546936843646,127.15511458665
대구대곡점,대구 달성군 화원읍 비슬로539길 28 (구라리) 1층,35.8107032131351,128.50848863631
포항오천힐스테이트점,"경북 포항시 남구 오천읍 중원로 16 (원리, 힐스테이트 포항) 힐스테이트포항상가 304동 101호",35.9789805464564,129.404846268058
해운대마린시티점,"부산 해운대구 마린시티3로 51 (우동, 더샵해운대아델리스) 103호",35.1540570459646,129.145834012644
대전가수원CGV점,"대전 서구 도안동로11번길 45 (도안동, KD U PLAZA) 121호",36.3054444056979,127.350578302613
안양호계점,경기 안양시 동안구 경수대로 550 (호계동) 1층 101호,37.3717755077329,126.958240922329
경북청송점,경북 청송군 진보면 진안리 121-1 1층,36.528449008319,129.046290744259
구로대륭포스트8차점,서울 구로구 디지털로26길 43 (구로동) 106호,37.4810070418126,126.89442230572
전주에코포레나점,"전북특별자치도 전주시 덕진구 세병로 21 (송천동2가, 포레나 전주에코시티) 1층 B-104호",35.8748856092856,127.128211314668
전북고창점,전북특별자치도 고창군 고창읍 중앙로 313 (교촌리) 1층,35.435057904296,126.709999246762
덕소라온프라이빗점,"경기 남양주시 와부읍 덕소로 127 (덕소리, 덕소 강변 라온프라이빗아파트) 상가동 106호",37.5839220803515,127.213289477828
여수진남시장점,전남 여수시 흥국로 11 (학동) 1층,34.7637780916978,127.663947486873
인천숭의점,인천 미추홀구 인주대로 68 (용현동) 예승프라자 1층 103호,37.4581217504009,126.64501569219
광주흑석점,광주 광산구 흑석동 597 1층 103호,35.1809489988511,126.811682716639
간석올리브점,인천 남동구 석산로 157 (간석동) 105호,37.46064044235,126.709374283429
신내역시티프라디움점,"서울 중랑구 용마산로 670 (망우동, 신내역 프라디움 더 테라스) C142호",37.6119441454331,127.102489000658
목동깨비시장점,서울 양천구 목동 615-1 1층 108호,37.5484201958428,126.864408784891
미사역점,"경기 하남시 미사강변동로 81 (망월동, 미사역 큐브앤 타워) 미사역 큐브앤 타워 1층 105호",37.5622506296228,127.192718271233
방이시장점,서울 송파구 방이동 145-35 103호,37.5115831950303,127.114420701467
일산장항공단점,경기 고양시 일산동구 장항로 233 (장항동) 1층,37.6411328221324,126.773529002665
파주산내마을점,경기 파주시 교하로 79 (목동동) 104호,37.7283367013626,126.733430655853
안산고잔포레나점,"경기 안산시 단원구 고잔동 631-3 상가 107호,108호",37.3294717370533,126.837204977482
강원영월점,강원특별자치도 영월군 영월읍 중앙로 28-3 (영흥리) 1층,37.1834346812746,128.466899618438
구미봉곡점,경북 구미시 봉곡남로 116 (봉곡동) 1층,36.1500934428663,128.314663673725
안산식물원사거리점,경기 안산시 상록구 도매시장로 87 (일동) 1층,37.3137147500082,126.862793329591
김천아포점,경북 김천시 아포읍 한지2길 30 (국사리) 1층,36.1588249532669,128.260873505781
여수신기점,전남 여수시 신기남길 34 (신기동) 102호 1층,34.7606631837706,127.672903560299
아산용화점,충남 아산시 용화동 623 1층,36.7757830583982,126.998466714508
구로삼성IT밸리점,"서울 구로구 디지털로33길 27 (구로동, 삼성IT밸리) 1층 107-2호",37.4860566025335,126.894669265147
송파역점,서울 송파구 송파대로38길 2-5 (송파동) 104호,37.5004507557721,127.112150275898
부산연제레이카운티점,부산 연제구 아시아드대로 39 (거제동) 상가동 1층 150호,35.1899959215514,129.066108752828
광주경안중앙점,"경기 광주시 경안로 13-1 (경안동, 경안빌딩) 1층",37.4098242437646,127.259431554633
전남곡성점,전남 곡성군 곡성읍 군청로 11 (읍내리) 1층,35.2791563805547,127.293329031642
구미문성점,경북 구미시 고아읍 문성리 1854 1층,36.1592825388853,128.347297007215
가산KS타워점,서울 금천구 벚꽃로36길 30 (가산동) 1층 101호,37.480670830247,126.885102981454
인천예술회관점,인천 남동구 구월동 1371-3 1층,37.4470206997926,126.697812433318
김해외동점,"경남 김해시 함박로 121 (외동, 덕산아파트상가) 207동 108호",35.2322557772637,128.867484000725
아산탕정시티점,충남 아산시 탕정면 용머리길 40 (용두리) 2동 101호,36.7952344813672,127.051267905638
목포용해이로점,전남 목포시 송림로 73 (용해동) 1층,34.8058560283434,126.40512823613
마산중리점,"경남 창원시 마산회원구 내서읍 중리상곡로 90 (중리, 태산프라자) 1층 106호",35.2485592222472,128.509599449932
인천청천초점,"인천 부평구 산청로 97 (청천동, e편한세상부평그랑힐스) 8동 1층 808호",37.5190073416627,126.700963642402
인천법원점,"인천 미추홀구 학익동 244-33 101,102호",37.4413309098284,126.668826876819
올림픽공원역점,"서울 송파구 양재대로 1222 (방이동, 올림픽프라자) 1층 202호",37.5157276361757,127.131063164753
화곡중앙점,서울 강서구 화곡로 116 (화곡동) 1층,37.539896232504,126.834722978726
외대역점,서울 동대문구 휘경로 17 (이문동) 1층,37.5957848132603,127.062173621013
안산반월공단점,"경기 안산시 단원구 풍전로 37-9 (원곡동, 트리플렉스) 301동 1층 111호",37.3253239521613,126.788661803578
광교풍경채어바니티점,경기 용인시 기흥구 영덕동 751-3 광교풍경채어바니티 상가3동 D122호,37.2778227962424,127.074495882949
동해동회점,강원특별자치도 동해시 효자남길 40 (동회동) 1층 101호,37.4898051258531,129.108514712616
한남오거리점,서울 성북구 대사관로 80 (성북동) 1층,37.5977532776205,126.992028426397
서울시청점,"서울 중구 남대문로9길 40 (다동, 센터플레이스(Center Place)) 센터플레이스 1층 101-1호",37.5671421016237,126.980368823536
전주안골점,전북 전주시 덕진구 인후동1가 756-18 1층,35.8395054912724,127.155834355182
아산탕정호반써밋점,"충남 아산시 탕정면 갈산샛들로 57 (갈산리, 호반써밋 그랜드마크 Ⅰ(1차)) 단지내상가 109호",36.7960227981426,127.065536171607
인천용현금호점,인천 미추홀구 매소홀로 63 (용현동) 1층 105호,37.4501968761483,126.633282848235
고덕비즈밸리점,서울 강동구 고덕동 343-2 A-129호,37.565668823633,127.15996404704
광주금남롯데점,광주 동구 제봉로 221-31 (대인동) 1층 104호,35.1540636118295,126.912885718373
용인양지점,경기 용인시 처인구 양지면 양지로 115 (양지리) 1층,37.2346365485349,127.281070988717
공릉역점,서울 노원구 공릉동 383-7 1층,37.6260412173162,127.07240559402
경북봉화점,경북 봉화군 봉화읍 봉화로 1186 (내성리) 1층,36.8903213955966,128.739743085171
병점역점,경기 화성시 병점노을4로 29 (병점동) 104호,37.2058707494187,127.031893706092
주안힐스테이트푸르지오점,인천 미추홀구 주안동 1452-2 116호,37.4587798,126.679789
포항시청점,경북 포항시 남구 대이로 56 (대잠동) 102호,36.0202718187321,129.34129985348
해남구교점,전남 해남군 해남읍 구교3길 16 (구교리) 1층 102호,34.5780768225959,126.59279894843
배곧성당점,"경기 시흥시 배곧5로 66-7 (배곧동, 더 프리미엄 타워) 1층",37.3821400563113,126.734719591414
포항청하점,경북 포항시 북구 청하면 청하로 186 (미남리) 1층,36.1960194295605,129.339426706401
한국산업안전보건공단점,울산 중구 종가로 400 (성안동) 한국산업안전보건공단 본부/교육/연구동 1층,35.5650061834461,129.319845814157
대구경대해링턴점,"대구 동구 경대로 126 (신암동, 해링턴플레이스동대구아파트) 308동 1층 6호",35.888901017855,128.617457947447
칠곡관음점,대구 북구 칠곡중앙대로 457 (관음동) 1층 103호,35.9365955046054,128.548740606375
강릉금학점,강원특별자치도 강릉시 신대학길 44 (금학동) 1층,37.7544002927412,128.897529414985
안산사동중앙점,"경기 안산시 상록구 항가울로 28 (사동, e편한세상 상록) 102동 103호",37.2846219757028,126.848086280328
옥정신도시점,경기 양주시 옥정서로 221 (옥정동) 한길메디프라자 101호 1층,37.8328349276169,127.088371237211
진접광릉점,"경기 남양주시 진접읍 광릉내로 107 (팔야리, 선진상운수매점) 1층",37.7466615225456,127.205543159656
보령시청점,충남 보령시 명천로3길 20 (명천동) 1층,36.3356221314456,126.608572074894
미아롯데점,"서울 강북구 미아동 860-296 ,",37.6138548442058,127.031023883512
여수덕양점,전남 여수시 소라면 덕양로 374 (덕양리) 1층,34.7914443389162,127.633506775403
광주매곡점,광주 북구 매곡동 214-16 상가동 104호,35.1899338273725,126.894489969485
롯데마트서울역점,"서울 중구 한강대로 405 (봉래동2가, 경부고속철도서울민자역사) 2층",37.5547278494914,126.969526329341
검암로열파크2단지점,"인천 서구 한들로 73 (백석동, 검암역로열파크씨티푸르지오2단지) 1층",37.5780524279041,126.669139597591
구미사곡역점,경북 구미시 상사서로 176 (사곡동) 1층,36.0980929535561,128.357482259719
시흥능곡점,"경기 시흥시 장현능곡로 178 (능곡동, 능곡타운) 능곡타운 107호",37.369608862409,126.809914691134
논산건양대점,충남 논산시 시민로132번길 48 (내동) 116호,36.1806956397991,127.106113918493
대구테크노폴리스점,대구 달성군 현풍읍 테크노상업로2길 10 (중리) 1층 106호,35.6918958174068,128.454707656987
울산과학대학교동부캠퍼스점,"울산 동구 봉수로 101 (화정동, 울산과학대학동부캠퍼스) 제1대학관 학생식당 제2층",35.4947681325569,129.416053037787
천안불당초점,"충남 천안시 서북구 불당4로 39-24 (불당동, 김밥천국) 1동, 1층",36.8061057929604,127.109891960133
광주첨단비아고점,"광주 광산구 첨단중앙로181번길 42-25 (월계동, 첨단 선경아파트) 상가1층",35.2214102164062,126.83403219168
인천완정점,"인천 서구 완정로 8 (마전동, 영진빌딩) 1층",37.594358173643,126.672891481707
센텀점,"부산 해운대구 센텀중앙로 60 (우동, 퍼스트인센텀) 1층 102호",35.1738293291721,129.128860387516
평택안중점,"경기 평택시 안중읍 안현로서8길 57 (현화리, 붐붐프라자) 112호",36.9790858343848,126.919416463803
인천남촌점,"인천 남동구 호구포로535번길 39 (남촌동, 대성테크노) 1층 102호",37.4298968542992,126.716048944242
울산무거위브자이점,"울산 남구 북부순환도로 35 (무거동, 무거위브자이) 701동 101호",35.5534263680859,129.265468322426
하남덕풍점,경기 하남시 덕풍동 381-6 1층,37.5409853517473,127.199949224084
충북금왕점,충북 음성군 금왕읍 무극로 279 (무극리) 1층,36.9929948694005,127.592616431066
신도림이편한점,"서울 구로구 경인로59길 7 (신도림동, 신도림6차e-편한세상) 제상가동 제1층 제109호",37.505393300511,126.882555239781
신용산역점,"서울 용산구 한강대로 95 (한강로2가, 래미안용산 더 센트럴) 지하1층 B145호",37.5288173852679,126.966653789116
창녕남지점,경남 창녕군 남지읍 낙동로 490 (남지리) 1층,35.3887679320663,128.4780456504
김포장기중점,경기 김포시 청송로 8 (장기동) 1동 105호,37.646952857565,126.665317691522
전주장승로점,전북 전주시 완산구 장승배기로 261 (평화동1가) 1층,35.7987604387328,127.140622373196
오목천역점,경기 수원시 권선구 삼천병마로1566번길 11 (오목천동) 1층 102호,37.2427827087659,126.963657754055
남원한빛중점,전북 남원시 오들로 46 (월락동) 1층,35.422381580354,127.40149262811
구로우림이비지2차점,"서울 구로구 디지털로33길 12 (구로동, 우림이비지센터2차) 110호",37.4865551001079,126.896162097676
문경시청점,"경북 문경시 당교로 233 (모전동, 문경 브리티시) 1층 101호",36.5861426089016,128.188643064453
대전복합터미널점,"대전 동구 동서대로 1689 (용전동, 대전복합터미널(서관)) 1층 EW107호",36.3503349793975,127.436711042049
고양행신점,"경기 고양시 덕양구 중앙로557번길 11 (행신동, 삼정플라자) 1층",37.6229523104023,126.835014801534
제주서귀포점,제주특별자치도 서귀포시 중앙로 38 (서귀동) 1층,33.2480320509677,126.561977732414
서울중계초점,"서울 노원구 한글비석로 363 (중계동, 삼정빌딩) 1층",37.6579746148816,127.074441267015
충무로점,"서울 중구 충무로 13 (충무로3가, 엘크루 메트로시티) 1층 101호",37.5622475805013,126.992632763392
가산모비우스점,서울 금천구 가산디지털2로 169-23 (가산동) 109-4호,37.4822065572122,126.876746876723
대구만촌점,"대구 수성구 청호로 490 (만촌동, 해링턴플레이스 만촌) 상가동 120호",35.8581620546306,128.645866142016
충주시청점,"충북 충주시 국원대로 189 (금릉동, 충주클리닉빌딩) 101호",36.9884563898285,127.928030397746
광주금호이지더원점,광주 서구 화개중앙로 115 (금호동) 1층,35.1285138205563,126.851748713902
성북천점,서울 동대문구 한빛로 40 (신설동) 1층,37.5783951334742,127.02709273163
인천동양점,"인천 계양구 양지로 32 (동양동, 이조빌딩) 101호",37.5616437433195,126.755343948455
전주송천센트럴파크점,"전북 전주시 덕진구 송천로 1 (송천동1가, 송천동센트럴파크아파트) 1층 2-125호",35.8585598651555,127.117910508584
광주대점,광주 남구 효덕로 286 (진월동) 1층,35.1090730144082,126.89719885542
전주아중노동청사점,전북 전주시 덕진구 건산로 274 (인후동1가) 1층,35.8353760763547,127.166934535245
대구황금캐슬점,"대구 수성구 청수로 261 (황금동, 캐슬골드파크 4단지) 1층 108호",35.8410029463375,128.636497723636
용현SK뷰점,"인천 미추홀구 용정공원로 33 (용현동, 인천 SK Sky VIEW) 제비동 1층 107,108호",37.4520149469249,126.64506286268
전남도청점,전남 무안군 삼향읍 남악3로82번길 35 (남악리) 1층,34.8131331586749,126.464408626334
양주옥빛점,경기 양주시 옥정로 152 (옥정동) 가하프라자 108호,37.8149923373873,127.091043010991
광주월계점,광주 광산구 월계로 112 (월계동) 1층,35.213478201679,126.837654354949
쌍문역점,서울 도봉구 쌍문동 88-21 1층,37.6494004717132,127.034826809787
부산사직점,부산 동래구 사직북로 21 (사직동) 1층,35.1977068105598,129.060252783274
도봉보건소사거리점,서울 도봉구 도봉로 586 (창동) 1층,37.6568596863776,127.04000514919
제주세화점,제주특별자치도 제주시 구좌읍 구좌로 50 (세화리) 1층,33.5229907535252,126.856726102127
구미산동점,경북 구미시 산동읍 동백로 6 (적림리) 1층,36.1691501466726,128.436439119589
광주방림점,"광주광역시 남구 용대로 132 (봉선동, 명지아파트) 1층",35.127965726969,126.918417115044
안양박달시장점,경기 안양시 만안구 양화로135번길 5 (박달동) 1층,37.4045517026358,126.908907583271
금호점,"서울 성동구 장터길 24 (금호동4가, 설당빌딩) 1층 101호",37.5482015074099,127.018575155729
완주봉동중앙점,전북 완주군 봉동읍 봉동로 158 (장기리) 1층 102호,35.9391005218366,127.16835703183
구미선산점,경북 구미시 선산읍 남문로 56 (동부리) 1층,36.2424357546496,128.301511856502
남위례역점,경기 성남시 수정구 창곡동 562 1층,37.4656904455298,127.140432625097
대구성서점,"대구 달서구 이곡공원로 33 (이곡동, 성서동서화성타운) 107동 1층 103호",35.8556879580002,128.512199699931
송내현대점,경기 부천시 성주로 80 (송내동) 1층 일부호,37.4797112525207,126.76507604019
구미인의점,경북 구미시 인의동 688-6 동산빌딩 1층,36.0996065862758,128.426145454334
순천왕지점,"전남 순천시 왕궁길 4 (조례동, 안경나라) 1층",34.953986162316,127.53288362228
종로5가점,"서울 종로구 종로31길 34 (연지동, 연지빌딩) 1층",37.5723572526528,126.999460154244
루원대성베르힐2차점,"인천 서구 서곶로 50 (가정동, 루원시티 대성베르힐 더 센트로) 판매4동 B240호",37.5232157453463,126.678802214186
구리갈매아너시티점,"경기 구리시 갈매순환로166번길 45 (갈매동, 구리갈매 아너시티) 107호",37.6347039369487,127.123335648168
구미3공단점,"경북 구미시 3공단1로 284 (임수동, 태영빌딩) 1층",36.1072632774789,128.402442533299
대전법원점,"대전 서구 둔산중로 66 (둔산동, 메트로팰리스) 1층 114호",36.3526384723335,127.387256579221
광주농성역점,광주 서구 죽봉대로 15 (화정동) 1층,35.154606418351,126.883127307453
영암삼호점,전남 영암군 삼호읍 대불주거로 161-1 (용앙리) 더벤티 영암삼호점,34.7529139782379,126.457193022683
연신내역사거리점,서울 은평구 연서로 230 (대조동) 1층,37.6185411912403,126.920817325713
강서고점,서울 양천구 목동중앙남로 24-1 (목동) 1층,37.5362731480244,126.867701330408
잠실파크리오점,"서울 송파구 올림픽로35길 10 (신천동, 파크리오) B동 146호",37.5203136784994,127.113265160573
대전둔산타임월드점,"대전 서구 둔산로 14 (둔산동, 그린코아) 1층 106,110호",36.3521819835995,127.375381212824
천안신방점,"충남 천안시 동남구 수곡로 67 (신방동, 충무랜드) 1층 101호",36.7887771497392,127.126972805441
창원신월점,"경남 창원시 성산구 상남로202번길 40 (신월동, 새달상가) 신월동근린생활시설 1층 102호",35.2276032728543,128.691709281009
보라매타운점,"서울 동작구 보라매로5가길 7 (신대방동, 캐릭터 그린빌) 108-2호",37.4919541191175,126.924968681319
효자탑마트점,전북 전주시 완산구 거마평로 197 (효자동1가) 1층 일부호,35.8100478474541,127.114930129631
구로이앤씨6차점,"서울 구로구 디지털로31길 41 (구로동, 이앤씨벤처드림타워6차) 1층 111호, 111-1호",37.4851717992188,126.892751304432
포항효자시장점,경북 포항시 남구 효자동길 2 (효자동) 다온 101호,36.007853673717,129.330398930981
원주문막점,강원 원주시 문막읍 건등리 1700-5 1층,37.3141621695005,127.821171796379
전주금암기린대로점,전북 전주시 덕진구 기린대로 408 (금암동) 1층 104호,35.8383846479702,127.131682709565
시흥거모점,"경기 시흥시 도일로 143 (거모동, 미래치과) 1층 일부호",37.3430168597425,126.785119074698
구미문화예술회관점,경북 구미시 백산로 145 (송정동) 상가동 104호,36.1191492380299,128.349076597334
녹번역힐스테이트점,서울 은평구 녹번동 282 상가A동 지하3층 103호,37.6017858743741,126.936661658569
남양주평내점,경기 남양주시 평내동 578-3 107호,37.6454099197501,127.234971428962
홍제역점,"서울 서대문구 통일로 472 (홍제동, 효신빌딩) 1층",37.590500092777,126.942726231995
전주휴먼시아점,전북 전주시 완산구 호암로 19 (효자동2가) 1층 104호,35.8091921337319,127.09677341827
김천혁신도시점,경북 김천시 혁신4로 59 (율곡동) 1층,36.1214665837598,128.188026337768
광주하남3지구점,광주 광산구 고봉로 67 (하남동) 1층,35.1819333156493,126.799791879212
제천중앙점,충북 제천시 중앙로1가 113-4 1층,37.1376537986456,128.210918752382
마포트라팰리스점,"서울 마포구 마포대로 53 (도화동, 마포트라팰리스) 마포트라팰리스 119호",37.5414321628548,126.947054064308
부천원종초점,"경기 부천시 소사로 701 (원종동, 성산빌딩) 1층",37.5187295509985,126.804617238233
대모산입구역점,"서울 강남구 개포로 615 (개포동, 석탑프라자) 석탑프라자 지상1층 104호",37.4926580850327,127.07558248914
포항남구청점,경북 포항시 남구 대도동 169-29 1층,36.0099898310678,129.361427778989
롯데마트춘천점,"강원 춘천시 방송길 84 (온의동, 롯데마트) 1층",37.8686076774981,127.718092618251
양산범어점,"경남 양산시 물금읍 삽량로 30 (범어리, 디온플레이스) 더벤티 양산범어점",35.3286660443935,129.012834298879
전주KBS점,전북 전주시 완산구 마전들로 74 (효자동3가) 1층,35.8208460374366,127.103521639678
인천마전점,"인천 서구 완정로 43 (마전동, 마전프라자) 1층 103호",37.5959155982802,126.669294462617
광주첨단비즈타워점,광주 북구 첨단연신로 45 (연제동) 첨단리채비즈타워지식산업센터 A-119호,35.2014768439792,126.863473849477
익산어양점,"전북 익산시 궁동로 126 (부송동, 까투리) 1층 103호",35.9624903332481,126.985230199861
마포더클래시점,"서울 마포구 신촌로28길 8 (아현동, 마포 더 클래시) 상가2동 14호",37.5561679924783,126.948890081163
인천남동공단점,인천 남동구 고잔동 172-2 1층,37.3949107093632,126.71301291892
대구다사역점,대구 달성군 다사읍 다사로 71 (매곡리) 다사역 금호어울림센트럴 701동 B106호,35.8656002313688,128.45849802123
동탄삼성반도체점,"경기 화성시 삼성1로 160 (석우동, 디지털스테이션) 1층 106호",37.2182083355911,127.077875496565
여서로터리점,전남 여수시 여서로 174 (여서동) 1층,34.7484108562611,127.700602001526
여수웅천지웰점,전남 여수시 예울마루로 43 (웅천동) 1층,34.7469188766926,127.67043007245
화정힐스테이트점,광주 서구 화정로244번길 23 (화정동) 1층,35.1454288626932,126.885113731508
세종아름점,"세종특별자치시 아름서1길 13-12 (아름동, 세종 제이디빌딩) 102호",36.5116594398975,127.243190312209
검단사거리점,인천 서구 검단로 486 (마전동) 1층,37.6021339762646,126.658300207072
덕계역점,"경기 양주시 회천중앙로 248 (덕계동, 스타프라자) 113호",37.819666000098,127.053550763661
전북대구정문점,전북 전주시 덕진구 권삼득로 333 (덕진동1가) 1층 107호,35.8450360352756,127.125773058919
대구청라힐스자이점,"대구 중구 남산로 73 (남산동, 청라힐스자이) 302동 105호",35.8622794831597,128.58213259562
대전보건대점,대전 동구 충정로 22 (가양동) 1층,36.3484307557902,127.453560871731
고양능곡점,경기 고양시 덕양구 지도로 96 (토당동) 1층,37.6257658921504,126.824147772889
아현역점,서울 마포구 굴레방로 27 (아현동) 1층,37.5564770309498,126.95532261857
구로코오롱싸이언스밸리점,"서울 구로구 디지털로34길 43 (구로동, 코오롱싸이언스밸리1차) 1층 106호",37.4851520949372,126.898809246391
광주일곡점,광주 북구 설죽로 505-9 (일곡동) 더벤티 광주일곡점,35.2043605630588,126.897783390286
수락리버시티점,서울 노원구 상계동 1313-2 101호,37.6869486072616,127.052867358127
울산구영점,"울산 울주군 범서읍 구영로 86 (구영리, GM프라자) GM프라자 201호",35.5748284455209,129.240983839893
일산어반스카이점,"경기 고양시 일산서구 고양대로 666 (일산동, e편한세상 일산 어반스카이) 상가동 C106호",37.6835547426274,126.769264328922
노원역점,서울 노원구 상계로 89 (상계동) 1층,37.6568188232099,127.064847546862
전주객사점,전북 전주시 완산구 전주객사4길 44-29 (고사동) 1층,35.8203775069825,127.144315218778
여수돌산점,전남 여수시 돌산읍 강남로 55 (우두리) 1층,34.7206602515071,127.750889598458
한양대점,서울 성동구 행당동 4-33,37.5601380949647,127.040566703188
완주군청점,"전북 완주군 용진읍 운곡4로 20 (운곡리) 상가동 B110,111호",35.9058821858733,127.165574027333
군산신역세권점,전북 군산시 내흥동 1017 상가 9호,36.0020972222852,126.757565834299
광주하남2지구점,광주 광산구 하남대로54번안길 104-3 (하남동) 1층,35.1776835861658,126.798203561368
가재울점,"서울 서대문구 수색로 100 (북가좌동, DMC 래미안 e편한세상)  2단지 상가 1층 4호 더벤티 가재울점",37.5747334832097,126.907916083955
부평SK뷰해모로점,"인천 부평구 동수천로 71 (부평동, 부평 SK VIEW 해모로 아파트) 1층 104호",37.4920223385604,126.733691100222
광주양산택지로점,광주 북구 본촌동 3004-3 1층,35.214415959854,126.88212214886
국회대로점,"서울 영등포구 국회대로 780 (여의도동, 엘지여의도에클라트) 1층 110호",37.5298309198,126.919265654284
구리아름마을점,경기 구리시 동구릉로85번길 15 (인창동) 1층,37.6082798368024,127.133238925335
남양주오남진주점,경기 남양주시 오남읍 오남리 202 1층,37.6904516176345,127.213766325828
인천검단신도시점,"인천 서구 이음5로 30 (원당동, 연세프라자9) 112호",37.5938016743895,126.710909298845
중랑구청점,"서울 중랑구 신내로 82 (신내동, 금강프라자) 1층 104호",37.6066828647187,127.095563510586
의왕내손점,"경기 의왕시 갈미2로 40 (내손동) 캠퍼스프라자 1층 114,115",37.3794619251627,126.971412164308
나주빛가람병원점,전남 나주시 정보화길 40 (빛가람동) 1층,35.0234061406106,126.798534622327
루원지웰시티점,"인천 서구 가정로 406 (가정동, 루원지웰시티푸르지오) c동 1층 101,102호",37.5214629875846,126.673952289268
대광리역점,"경기 연천군 신서면 연신로 1160 (도신리) ,",38.1852211981573,127.107723791485
전주근영여고점,전북 전주시 완산구 영경2길 14 (중화산동2가) 1층 (중화산동2가),35.8177917984176,127.12413044046
천안시청점,"충남 천안시 서북구 불당22대로 92 (불당동, 마블러스티타워) 1층 113호",36.8153477619773,127.108718302549
광주매월점,광주 서구 매월1로49번길 2 (매월동) 1층,35.1131136245897,126.857977629448
광주첨단병원점,광주 광산구 첨단중앙로170번길 58 (쌍암동) 103호,35.2204047795502,126.845063333119
포항죽도시장점,경북 포항시 북구 동빈로 1 (남빈동) 1층 103호,36.0371806481922,129.368219849758
서울군자점,서울 광진구 군자로 141 (군자동) 1층,37.5543077590397,127.074826250644
순천아랫장점,"전남 순천시 장평로 65 (인제동, 건봉빌딩) 1층",34.9455410045047,127.493955362893
나주빛가람점,전남 나주시 그린로 341 (빛가람동) 102호 (빛가람동),35.0169991060038,126.793949456746
운정반석프라자점,"경기 파주시 청석로 115 (동패동) 1층 118호 (동패동, 반석프라자)",37.712691078582,126.720433135049
곤지암점,"경기 광주시 곤지암읍 평촌길 35-7 (삼리, 주은빌딩) 1층",37.356217484598,127.326200359576
남천역점,부산 수영구 수영로384번길 6 (남천동) 1층,35.1406251682968,129.106836185858
광주두암미라보점,광주 북구 면앙로 209 (두암동) 1층,35.1749419437743,126.934456764971
구로힐스테이트점,서울 관악구 조원로 20 (신림동) 1층,37.4832656614171,126.904556703285
안성석정점,경기 안성시 석정2길 18 (석정동) 1층,37.0090278779044,127.261217505225
송도하버뷰점,"인천 연수구 해돋이로 168 (송도동, 혜인프라자) 106호",37.3954253575474,126.645208822671
연안부두점,"인천 중구 연안부두로 16 (항동7가, 해양센타) 1층 11호",37.4565683327186,126.603583401783
종암사거리점,서울 성북구 종암로 124 (종암동) 1층,37.6013087324933,127.033693920641
구의역점,"서울 광진구 아차산로 379 (구의동, 송산빌딩) 1층 103호",37.5370383935781,127.084835606575
광주동천점,광주 서구 하남대로680번길 1 (동천동) 1층,35.1714829194975,126.867212256453
괘법한신점,부산 사상구 운산로 33 (덕포동) 1층,35.1686512085114,128.980548586136
시흥장곡점,경기 시흥시 장곡1로 15 (장곡동) 105호,37.3797197737581,126.78407782357
전주금암점,"전북 전주시 덕진구 백제대로 649 (금암동, 본죽) 1층",35.8432809802869,127.140221513343
광주운남삼성점,광주 광산구 임방울대로 142-11 (운남동) 1층,35.1739452544271,126.818270489148
진접역점,경기 남양주시 진접읍 해밀예당1로235번길 8 (금곡리) 1층,37.7213517125249,127.20428394229
평택고덕파라곤점,"경기 평택시 고덕국제대로 180 (고덕동, 고덕국제신도시파라곤) 301동 1층 L105호",37.052411973278,127.044623336981
전주힐스테이트어울림효자점,"전북 전주시 완산구 따박골로 12 (효자동1가, 힐스테이트어울림효자 상가) B동 101호",35.8091907757086,127.124495565611
기장대청점,부산 기장군 기장읍 대청로 22 (대라리) 1층,35.237714297484,129.212635292991
인천청천중앙점,인천 부평구 세월천로 42 (청천동) 1층 일부호,37.5131140395407,126.704889078714
운정해오름마을점,"경기 파주시 청암로 82 (다율동, 운정신도시 푸르지오 파르세나) 근생1동 1층 123호",37.7352831855025,126.733917848435
등촌2동점,서울 강서구 등촌로 173 (등촌동) 1층 3호,37.5454022015772,126.862143168452
수원대점,경기 화성시 봉담읍 와우리 38-23 1층,37.2138543902881,126.976925988936
구미순천향네거리점,경북 구미시 1공단로 212 (공단동) 108호,36.1013972909468,128.385984827525
진주신안스포츠타운점,경남 진주시 촉석로 5-1 (이현동) 1층,35.1899098293037,128.063775565306
서일대점,"서울 중랑구 용마산로 424 (면목동, 신성모약국) 101호",37.5892157790421,127.096922851375
시흥장현중앙점,경기 시흥시 장현순환로 1 (장현동) 107호,37.3806744492306,126.793639691659
구미원호점,"경북 구미시 고아읍 문장로26길 3 (원호리, 낙원프라자) 1층 111호",36.1523115300871,128.330001485724
광주수완아름마을점,광주 광산구 임방울대로 216 (신가동) 1층,35.1804254819965,126.818225107329
고양지축점,"경기 고양시 덕양구 지축1로 65 (지축동, 로로프라자) 1층",37.6488554212948,126.915540258678
옥정듀클래스점,경기 양주시 옥정동 987-1 R110호,37.8387675400736,127.0955164457
시민공원역점,"인천 미추홀구 경인로 372 (주안동, 포레나 미추홀) B1층 B1003호 더벤티 시민공원역점",37.4580182017435,126.681163207516
전주상산타운점,"전북 전주시 완산구 효자천변2길 14 (효자동1가, 상산타운) 4동 1층 103호",35.804725025636,127.113853927014
영등포역점,"서울 영등포구 영중로 2 (영등포동3가) ,",37.5167419411213,126.906749912597
광주중앙여고점,광주 북구 금호로 95 (운암동) 101호,35.1759148820134,126.884910471144
별내역아이파크점,경기 남양주시 별내동 1007-4 1층,37.6457898344868,127.12689571388
대전둔산녹원점,"대전 서구 계룡로491번길 8 (둔산동, 갤러리빌4차) 104호",36.3455374500729,127.38025143914
목포용해점,전남 목포시 용해지구로 61 (연산동) 107호,34.8181454383539,126.392662356752
광주오치점,광주 북구 서하로 179 (오치동) 1층,35.1874065908,126.900211750939
사가정아이파크점,"서울 중랑구 동일로92길 40 (면목동, 사가정 센트럴 아이파크) 1층 102호",37.5818929536315,127.080375944624
고양원흥점,"경기 고양시 덕양구 원흥3로 8 (원흥동) 108호,109호",37.6485086696103,126.874140339455
대구신암점,대구 동구 신암로 120 (신암동) 1층,35.8804846743998,128.612464764362
인천신포점,인천 중구 제물량로 163-1 (사동) 1층,37.4699064350147,126.625675399483
검단파라곤점,"인천 서구 이음2로 29 (당하동, 파라곤 센트럴파크) 103호",37.5874616125578,126.709999064806
나주영산포점,전남 나주시 영산3길 8-4 (영산동) 1~2층,35.0000778389205,126.710969269342
장한평역점,서울 동대문구 장한로6길 4 (장안동) 1층 103호,37.5636893742929,127.066416193715
상암DMC역점,"서울 마포구 성암로 207 (상암동, 상암빌라) 1층",37.5780139960518,126.896591297905
의정부탑석자이점,경기 의정부시 용현동 264-11 104호,37.7348245150654,127.081404871066
광주첨단산월점,"광주 광산구 산월로 81 (산월동, 부영그린타운) 상가동 1층 107호",35.21003946759,126.845868491587
순천가곡점,전남 순천시 원가곡2길 1 (가곡동) 1층,34.9849801456362,127.484510285878
청주모충트릴로채점,충북 청주시 서원구 무심서로413번길 5 (모충동) 103호,36.628338656678,127.482265684991
구미공단점,"경북 구미시 1공단로5길 86-15 (공단동, 베스트웨스턴구미호텔) 1층",36.1099701068403,128.377121548319
청주지웰시티점,"충북 청주시 흥덕구 대농로 49 (복대동, 에스와이스타몰) A동 102호",36.6421133187508,127.428064917918
고척점,서울 구로구 고척동 269-5 1층,37.5015025016532,126.850863736372
인천청라린점,"인천 서구 청라라임로 85 (청라동, 청라린스트라우스) B동 125호",37.5346639378439,126.652614505895
서대구IC점,대구 서구 북비산로 81 (이현동) 1층,35.8787569272079,128.541982638287
포항선린점,경북 포항시 북구 대신로 46-2 (대신동) 1층,36.0483509838959,129.36796610064
운정더테라스점,경기 파주시 가온로 200 (와동동) 근린생활시설동 109호,37.7206265671395,126.753642523241
인천도화금강점,인천 미추홀구 염전로202번길 63 (도화동) 104호,37.4754404468443,126.660340641317
완주삼봉지구점,전북 완주군 삼례읍 삼봉1로 2 (수계리) 109호,35.9225088689226,127.123709062674
김포감정점,"경기 김포시 중봉1로 12 (감정동, 이삼메디칼센타) 1층 103호",37.6223050575793,126.699670102646
광주운남영천점,"광주 광산구 사암로340번길 43 (월곡동, 다우빌딩) 1층 102호",35.1753217203089,126.811201914356
부천원미점,"경기 부천시 원미로 123-5 (원미동, 미성플로체) 1층 101호",37.493564669328,126.790917502409
기흥구청점,"경기 용인시 기흥구 구갈로60번길 19 (구갈동, 금강프라자) 104호",37.2799457560209,127.11350430893
전남영암점,전남 영암군 영암읍 군청로 2-30 (서남리) 1층,34.799362620857,126.695977693638
매탄시장점,경기 수원시 영통구 중부대로246번길 51 (매탄동) 1층,37.2727146314901,127.04182347753
평택청북점,경기 평택시 청북읍 안청로2길 33-70 (옥길리) 114호,37.0182852078966,126.916474774542
망우역점,서울 중랑구 망우동 479 한일씨너스빌리젠시1단지 S1011호,37.5973351400052,127.093477736804
만수아주점,인천 남동구 만수로 84 (만수동) 103호 104호,37.4627009873997,126.736518434984
부산범천점,부산 부산진구 골드테마길 69 (범천동),35.1447670643671,129.059897837858
광주무등산아이파크점,"광주 동구 남문로753번길 20 (학동, 무등산 아이파크) 상가A동 104호",35.13635035416,126.922622540343
순천연동대주점,전남 순천시 태봉길 41 (조례동) 1층,34.960217940948,127.526159096374
오산대역점,경기 오산시 내삼미로 85 (수청동) 1층 102호,37.1698712194258,127.06594442395
남양주마석점,"경기 남양주시 화도읍 맷돌로 110-13 (마석우리, 신명프라자) 101호",37.6570638839299,127.302360486271
시흥신천중앙점,경기 시흥시 신천동 833-2 1층,37.4375496154591,126.779999550301
광주더샵염주점,광주 서구 월드컵4강로 27 (화정동) 상가동 지하116호,35.1393742835837,126.875928001953
마천역점,서울 송파구 마천동 301-9 1층,37.4953154313232,127.153393726944
강남대점,"경기 용인시 기흥구 강남동로 6 (구갈동, 그랜드프라자) 106호",37.271398838861,127.127754052312
광주장덕중앙점,광주 광산구 장신로20번길 6 (장덕동) 1층,35.1902638344722,126.812244692053
제주외도점,제주특별자치도 제주시 우정로4길 3-1 (외도일동) 1층,33.4912181138443,126.430438506665
전주삼천흥건점,전북 전주시 완산구 삼천동1가 660-4 1층,35.793973200227,127.11706953297
인천청천점,인천 부평구 마장로 437 (청천동) 1층,37.5172783669767,126.704057797579
대전복수점,대전 서구 복수동 618 1층,36.2992644870868,127.378811651147
광주운천역점,광주 서구 상무대로 882 (쌍촌동) 1층 광주운천역점,35.1501359568042,126.85853558032
정릉중앙점,"서울 성북구 서경로 77 (정릉동, 스마트빌) 1층 101호",37.6100896165728,127.014728956574
광주봉선점,"광주 남구 봉선로 158 (봉선동, 남양빌딩) 1층 105호",35.122729176208,126.912371324316
초지역센트럴포레점,경기 안산시 단원구 화랑로 102 (원곡동) 상가1동 107호,37.3262158258929,126.800621604984
화순전대병원점,전남 화순군 화순읍 서양로 307 (일심리) 1층,35.0593589414474,127.00051380039
여수소호점,전남 여수시 소호로 469 (소호동) 1층,34.7447240106642,127.65222901692
풍무푸르지오점,경기 김포시 풍무2로 31 (풍무동) 1층 101호,37.6092858997793,126.725719696751
광주화정현대점,광주 서구 화정동 742-22 1층,35.1536337030202,126.876525670151
광양사동로점,전남 광양시 구마8길 2 (중동) 1층,34.9447631519527,127.686877508603
노원문화의거리점,"서울 노원구 노해로81길 5-6 (상계동, 노원스퀘어) 1층 102호",37.6552060831882,127.062476980624
광주하남점,광주 광산구 사암로216번길 16 (우산동) 1층,35.1633390227628,126.809377273116
법환포구점,제주특별자치도 서귀포시 막숙포로 68 (법환동),33.2355550067203,126.514470349418
여수웅천포레나점,"전남 여수시 웅천남8로 23 (웅천동, 포레나 여수 웅천 2단지) 214동 103호",34.7400377418964,127.678347122768
고성교차로점,"제주특별자치도 서귀포시 성산읍 일출로 4 (고성리, 케이빌딩) 102호",33.4471015213541,126.913295187203
칠곡석적중리점,경북 칠곡군 석적읍 유학로 48 (중리),36.0770963459175,128.414589269437
동탄더퍼스트타워점,경기 화성시 동탄대로21길 10 (영천동) 더 퍼스트타워 1층 141호,37.2079011859129,127.097636159342
수유시장점,서울 강북구 미아동 189-5,37.6320747944691,127.024490462701
원주단관점,강원 원주시 단구로 370 (단구동) 1층 우측상가,37.3233926274841,127.957091205019
공릉중앙점,서울 노원구 공릉로 149 (공릉동) 1층 103호,37.6234300539027,127.079294565897
김포양곡점,경기 김포시 양촌읍 양곡2로80번길 68 (양곡리) 101호,37.6579047711216,126.630792978624
송도마스터뷰점,"인천 연수구 컨벤시아대로274번길 55 (송도동, 송도 더샵 마스터뷰 21BL) 상가동 1층 4호",37.3833171244931,126.629810158288
광주금호마재점,"광주 서구 풍금로 171 (금호동, 평화빌딩) 1층",35.1310572060338,126.859240608973
인천신현원창점,인천 서구 원창로 180 (신현동) 1층 일부호,37.5175470218504,126.669109655209
별내북부점,"경기 남양주시 별내3로 320 (별내동, 센트럴프라자) 1층 103호",37.6660084533196,127.117815588067
하계점,"서울 노원구 노원로 248 (하계동, 삼정 이오니아) 107호",37.6399414641071,127.07382515218
여수국동항점,전남 여수시 국포1로 47 (국동) 1층,34.7266555077612,127.721344072823
광주신가점,광주 광산구 수등로 275 (신가동) 1층,35.1853969441056,126.839020031431
부천원종역점,"경기 부천시 소사로 779 (원종동, 뉴월드프라자) 102호",37.5256433735672,126.804555880183
고양라몬테점,"경기 고양시 일산동구 연리지로 51 (장항동, 라몬테이탈리아노) 102호",37.6599268237402,126.754904252922
익산함열점,전북 익산시 함열읍 와리 548-15 1층,36.078714945066,126.959489643317
전주동산점,전북 전주시 덕진구 편운로 6 (여의동2가) 1층 102호,35.8708923912684,127.076965638988
의정부시청점,경기 의정부시 둔야로45번길 51 (의정부동) 지상1층,37.7398488099772,127.036744073422
진접반도유보라점,경기 남양주시 진접읍 해밀예당3로 126 (금곡리) 1층 105호,37.7207941252728,127.196153067176
창원내동점,"경남 창원시 성산구 연덕로184번길 42 (내동, 현대상가) 내동 제 1층 105호",35.2168803685757,128.669671391724
안양비산점,"경기 안양시 동안구 관악대로106번길 77 (비산동, 비산롯데캐슬 상가동) 105호",37.3984182462523,126.938983860299
제주대학교점,"제주특별자치도 제주시 제주대학로 102 (아라일동, 제주대학교) 제주대학교 아라뮤즈홀 4층",33.4572918019245,126.564322232111
미사테스타타워점,"경기 하남시 미사강변서로 25 (풍산동, 미사 테스타타워 지식산업센터) 1층 R105호",37.552659968832,127.182808375056
순천동부청사점,전남 순천시 해룡면 신대로 8 (신대리) 1층 102호,34.9269560502308,127.55230502651
완주봉동점,전북 완주군 봉동읍 완주산단8로 13 (둔산리),35.9584535758818,127.124388851061
진주법원점,경남 진주시 신안동 581-3 1층,35.1797191761065,128.065362315407
광주금호점,"광주 서구 운천로 54 (금호동, 해광대덕 무지개아파트) 상가동 1층 2호",35.1373073098937,126.859211088586
대구이시아폴리스점,대구 동구 팔공로51길 31-6 (봉무동) B동 101(하층)호,35.9226088544257,128.637153631264
남양주2청사점,경기 남양주시 다산지금로16번길 87 (다산동) 104호,37.6078354925262,127.170658938612
석촌역점,"서울 송파구 백제고분로40길 4 (석촌동, 옥당빌딩) 더벤티 석촌역점",37.5040592155588,127.105775606159
산본점,"경기 군포시 산본로343번길 23 (산본동, 옥산빌딩) 옥산빌딩 1층 108호",37.3598730660119,126.930364709832
부평미주점,인천 부평구 부평문화로115번길 52 (부평동) 1층 104호,37.4964114925756,126.729842310605
제주아라점,제주특별자치도 제주시 아라일동 6102,33.4773594301056,126.543167855583
전주하가점,전북 전주시 덕진구 가련산로 10 (덕진동2가) 1층 104호,35.8406664766717,127.110552773182
광주용봉점,광주 북구 비엔날레로 75 (용봉동) 1층,35.1784892842038,126.889797414339
부천고강시장점,경기 부천시 고강동 318 1층,37.5284632324498,126.814498292777
서귀포광진빌점,제주특별자치도 서귀포시 중산간동로 8066 (서홍동) 1층,33.2642873361039,126.555017598718
개금시장점,"부산 부산진구 가야대로 470 (개금동, 아이사랑산부인과) 1층",35.1528748508427,129.023427535964
영종별빛광장점,인천 중구 하늘별빛로65번길 17 (중산동) 1층 102호,37.4881825354752,126.562998486983
의정부센트럴자이점,경기 의정부시 경의로118번길 44 (의정부동) 1층,37.731125191263,127.048622849018
공주신관점,충남 공주시 흑수골길 37 (신관동) 1층 102호,36.4733133672488,127.141360152381
전북정읍사점,전북 정읍시 정읍사로 580 (시기동) 1층,35.5547003498905,126.864813407617
남양주묵현점,경기 남양주시 화도읍 먹갓로28번길 5 (묵현리) 1층,37.656941197285,127.275072012754
강원횡성점,강원 횡성군 횡성읍 한우로 279-1 (읍하리) 1층 2호,37.4893276680491,127.985056074165
대구신서혁신도시점,"대구 동구 이노밸리로 322 (신서동, 대구혁신도시 비젼스퀘어2) 138호",35.8772419630648,128.732153285537
의정부서해점,"경기 의정부시 동일로466번길 27 (신곡동, 초원빌라) 지상1층 101호",37.7291480848864,127.060528942334
NC대전유성점,대전 유성구 봉명동 549-11 NC대전유성점 10F,36.3536795315679,127.344015040333
이천증포점,"경기 이천시 이섭대천로 1411 (증포동, 흥인프라자) 1층 107호",37.2938847152413,127.455655697687
창원용호롯데점,경남 창원시 성산구 용호동 63 롯데종합상가 1층,35.2344648668672,128.684674399134
다산지금지구점,"경기 남양주시 다산지금로 140 (다산동, 다산지금지구 근생7-5) 주건축물제1동 1층 105호",37.6005294777765,127.173490498638
구미황상점,경북 구미시 검성로 88 (황상동),36.1174961871544,128.42657090446
부평더샵점,"인천 부평구 열우물로 90 (십정동, 더샵부평센트럴시티) 상가동 F동 101호",37.4773624178744,126.700993091846
상계불암점,"서울 노원구 덕릉로 725 (중계동, 보경속셈학원) 105호",37.6623794667367,127.075647021495
구의사거리점,서울 광진구 자양로 205 (구의동) 1층,37.54580264949,127.085759747012
인천대성베르힐점,인천 서구 새오개로111번안길 32 (신현동) 1층 104호,37.5220771773553,126.664835567478
사하역점,"부산 사하구 낙동대로 280 (괴정동, 사하역 비스타 동원) 1층",35.1001350992794,128.98425723893
여수국동서희스타힐스점,전남 여수시 신월로 681 (국동) 1층,34.731828520689,127.717777282295
광주첨단2지구점,광주 북구 첨단연신로107번길 21 (신용동) 104호,35.2073350420325,126.861761382143
창원토월점,"경남 창원시 성산구 동산로 122 (상남동, 스카이웰빙파크) 1층 110-1호",35.2186253026766,128.690138198679
김포사우점,경기 김포시 사우중로 88 (사우동) 1층 105호,37.6221521326276,126.721516520975
대구서재점,대구 달성군 다사읍 서재로 128 (서재리) 1층,35.8749832179718,128.497325273029
여수서시장점,전남 여수시 좌수영로 9 (서교동),34.7412816853091,127.72760109211
가평현리점,경기 가평군 조종면 현창로 28-5 (현리) 1층,37.8176003913318,127.349378826422
의정부산들마을점,경기 의정부시 용현로 144 (민락동) 지상 1층 102호,37.7407226730565,127.091992238622
울산남목점,울산 동구 동해안로 3 (서부동),35.5401477701424,129.424626913301
경산펜타힐즈점,경북 경산시 중산동 637 113호,35.8279766130557,128.719284995142
광주소촌점,광주 광산구 소촌로152번길 30 (소촌동) 상가동 1층,35.1574779528263,126.795188161001
대구동서변점,대구 북구 서변로 55-1 (서변동) 1층,35.9207790607933,128.596379668869
송도푸르지오시티점,"인천 연수구 아트센터대로 203 (송도동, 송도 센트럴파크 푸르지오시티) 151일부호",37.3952040049379,126.631287119931
동탄영천파크점,"경기 화성시 동탄대로24가길 7 (영천동, 동탄 파크 푸르지오) 1층 107호",37.2170064129913,127.11253227807
분당양지마을점,"경기 성남시 분당구 내정로173번길 49 (수내동, 궁전프라자-3) 1층 113호",37.3773778235981,127.115846298673
신갈롯데점,"경기 용인시 기흥구 중부대로 375 (신갈동, 기흥역롯데캐슬스카이) 1층 3호",37.2719404348259,127.107852657512
문정점,"서울 송파구 법원로11길 11 (문정동, 문정현대지식산업센터1-1) A동 105호",37.4846302643031,127.118322322397
광주진월한신점,"광주 남구 광복마을길 43 (진월동, 한신2차아파트) 상가동 103호",35.1216824200409,126.897434352116
광주본촌점,광주 북구 하서로 477 (본촌동) 1층 107호,35.2172013428673,126.877164711334
군산소룡점,전북 군산시 공항로 90 (소룡동) 1층 101호,35.9755876465221,126.678388955097
녹양힐스테이트점,경기 의정부시 녹양로 64 (녹양동) 102호,37.7567523706618,127.033243651828
전주시외버스터미널점,전북 전주시 덕진구 금암동 705-14 더벤티 전주시외버스터미널점,35.8342863507869,127.132346647344
소태점,광주 동구 지원로 4 (소태동) 1층,35.1236000949361,126.93287653907
전주태평진북점,전북 전주시 완산구 공북로 18 (태평동) 1층,35.8250498093401,127.13380493211
광주상무지구점,"광주 서구 상무중앙로78번길 5-6 (치평동, 영효빌딩) 영효빌딩 1층 102호",35.1545563033028,126.849474004526
수영역점,"부산 수영구 수영로 669 (광안동, 신세계메디컬센터) 1층 102호",35.1655711577911,129.114483540072
전주한들초점,전북 전주시 완산구 화산천변로 24 (중화산동2가) 1층 106호,35.8211475201151,127.116321741458
전주대점,전북 전주시 완산구 백마산길 11 (효자동3가) 1층 일부층,35.8176621374762,127.091900483009
부천보람마을점,"경기 부천시 석천로 105 (중동, 보람마을) 상가동 101호",37.4968730571911,126.761248090004
오남역점,경기 남양주시 오남읍 진건오남로 915 (양지리) 하나빌딩 110호,37.7050851386571,127.193698048114
대구두산점,"대구 수성구 청수로26길 36 (두산동, 한성스퀘어) 1층 113호",35.8381120930043,128.622076983328
서산호수공원점,충남 서산시 호수공원5로 35 (예천동) 1층 101호,36.7741219988026,126.44990935715
공항시장역점,서울 강서구 공항대로3길 38 (공항동) 가동 1층 103호,37.5632097635415,126.810637794742
김포마송점,경기 김포시 통진읍 김포대로 2231 (마송리) 103호,37.68944490737,126.597919297773
진접서희스타힐스점,경기 남양주시 진접읍 부평리 703-1 일원 서희스타힐스상가1동 B106호,37.7437846546026,127.177178307222
석남역점,인천 서구 길주로 79 (석남동) 106호,37.5067648282733,126.670878962969
서구가정점,"인천 서구 청중로 486 (가정동, 부일프라자) 부일프라자 제1층 104호",37.5297114481025,126.665320355952
의정부발곡역점,경기 의정부시 장암동 20-14 발곡프라자 103호,37.7251385583487,127.053895634271
울산남창사거리점,울산 울주군 온양읍 남창강변로 17 (운화리) 1층,35.4167735394302,129.278665976026
군산비응도점,전북 군산시 비응도동 83-7,35.9381868263162,126.527935479927
강릉내곡점,강원 강릉시 내곡동 422-9 101호,37.7422046437213,128.881137594289
여수미평점,"전남 여수시 대학로 48 (미평동, 선경1차상가) 상가동 106호",34.7736881452815,127.701759310279
익산원광대점,전북 익산시 신동 787-1 1층,35.9618611359944,126.957999085738
안양박달점,경기 안양시 만안구 박달로 475 (박달동) 102호,37.4025586353617,126.905339190657
인천신현점,"인천 서구 가정로 387 (신현동, 루원이편한세상하늘채) 상가 가동 210호",37.5216812205617,126.672750890456
남양주장현점,경기 남양주시 진접읍 장현로 61 (장현리) 1층 일부,37.7164700415408,127.179916017843
동탄영천점,경기 화성시 동탄순환대로 690 (영천동) 애플 스퀘어 1층 105호,37.2065097542128,127.111548687984
장림본동점,부산 사하구 다대로277번길 3 (장림동),35.0776845274902,128.977620731229
문흥대주점,광주 북구 면앙로121번길 81 (문흥동) 1층,35.1806866908002,126.92666476918
전주평화점,전북 전주시 완산구 소대배기로 11 (평화동2가) 1층,35.7875068803915,127.131557254151
인천불로점,인천 서구 검단로768번1길 11-6 (불로동) 1층 101호,37.6127531766693,126.685625466388
명일역점,서울 강동구 명일동 312-94 1층,37.5519934611366,127.144260249723
광주신창호반점,"광주 광산구 신창로161번길 19 (신창동, 신창3차호반베르디움) 상가동 1층 110호",35.1989450452898,126.838978480915
경산하양점,경북 경산시 하양읍 서사도리7로 21 (서사리) 107호(SG타워),35.9181311843475,128.813169330122
경산사동점,경북 경산시 사동 38 부영아파트 6차 앞 대백마트 건물,35.8118000167212,128.755149939147
여주터미널점,경기 여주시 세종로 80 (홍문동),37.2909462978319,127.634733262475
광주첨단점,"광주 광산구 임방울대로800번길 71 (월계동, 아크레타 첨단) 101호",35.2142794999019,126.846426652188
제주원노형점,"제주특별자치도 제주시 원노형로 35 (노형동, 송우수자인아파트) 상가동 105호",33.4855858874046,126.485150141317
4공단산업단지점,경북 구미시 산동읍 첨단기업1로 18 (봉산리) 1층,36.1404916610865,128.439392614256
망월사역점,"경기 의정부시 평화로 196 (호원동, 신일엘리시움) 1층 113호",37.7094585378205,127.048357265689
순천NC점,전남 순천시 비봉2길 11 (조례동) 2층,34.9720284394214,127.520647915163
대구수목원점,대구 달서구 한실로6길 120 (대곡동) 1층 107호,35.7969008710358,128.528699641229
인천서구청점,"인천 서구 탁옥로 37 (심곡동, 우리타워) 1층 104호",37.5441547199692,126.673667800961
전주여고점,전북 전주시 덕진구 모래내6길 12 (인후동2가) 1층,35.8349501846094,127.145846729318
김천산업단지점,경북 김천시 어모면 산업단지1로 2 (남산리) 더벤티 김천산업단지점,36.1583366974773,128.117222773292
부평마이빌점,"인천 부평구 부평대로 102 (부평동, 부평 대우마이빌) 108호",37.5004473881046,126.722431800336
인천석남사거리점,인천 서구 가정로151번길 4 (가좌동) 103동 103호,37.4989356941589,126.670469911736
여수무선점,전남 여수시 화산로 92 (화장동),34.7741958561932,127.648079160547
동탄역예미지점,"경기 화성시 동탄역로 196 (오산동, 동탄역 예미지 시그너스) 판매시설동 1층 L1-128호",37.2042919607928,127.096618589331
화성남양점,"경기 화성시 남양읍 남양천로 17 (남양리, 화성남양시티프라디움3차아파트) 상가1동 105호",37.2086458618709,126.820221514083
대구동구청점,대구 동구 아양로 204 (효목동) 1층,35.8856988951182,128.635317273066
서귀포오일시장점,제주특별자치도 서귀포시 중산간동로 7917 (동홍동) 더벤티 서귀포오일시장점,33.2654329625192,126.570378716489
전북부안점,전북 부안군 부안읍 오정2길 42 (봉덕리) 1층,35.7251819576188,126.736560394846
목포남악점,전남 목포시 남악1로16번길 50 (옥암동) 105호,34.807327275227,126.452703305542
여수해양공원점,전남 여수시 이순신광장로 159 (중앙동) 112-2호 1층,34.7373933986932,127.741327204963
의정부동오마을점,"경기 의정부시 추동로 9 (신곡동, 휴먼시티) 1층 104호",37.7429875371775,127.057067933238
수원율전점,경기 수원시 장안구 율전동 298-3 운화빌딩 1층,37.2988367926468,126.969929772058
진주이현점,경남 진주시 평거로 288-1 (이현동) 이현동 행정복지센터 인근,35.1929003957585,128.062086484989
중화중앙점,서울 중랑구 동일로 774 (중화동) 1층 102호,37.5994727788506,127.080200532509
다산블루웨일점,"경기 남양주시 다산중앙로19번길 25-23 (다산동, 다산진건 블루웨일 지식산업센터 2차) 1층 R106호",37.6131973184407,127.153642897376
상대원센터엠점,경기 성남시 중원구 사기막골로62번길 33 (상대원동) 지하2층 RB209호,37.435214464925,127.175146453626
순천용당점,전남 순천시 용당동 355-1 1층,34.9732054084246,127.494655561226
여수장성점,전남 여수시 소호로 591 (안산동) 1층,34.7546745628415,127.656740970124
호구포역점,"인천 남동구 호구포로 210 (논현동, 세움프라자) 101호",37.40153812431,126.709753126136
시흥월곶점,경기 시흥시 월곶중앙로58번길 5-6 (월곶동) 시흥월곶역 블루밍더마크 1층 119호,37.3894945307695,126.738758120593
광주양림점,광주 남구 정율성로 22 (양림동) 1층,35.137832094283,126.91728509011
광양창덕점,전남 광양시 광양읍 와룡길 17 (용강리) 1층 일부,34.9705006002759,127.610545262754
탑석역점,"경기 의정부시 오목로 29 (용현동, 정은스카이) 지상1층",37.733101088428,127.086166917128
대구연경점,대구 동구 동화천로77길 8 (지묘동) 106호 미성프라자,35.9420148180693,128.631676528445
응암오거리점,서울 은평구 응암동 589-37 1층 비호,37.590657140685,126.916199263402
전주덕진점,전북 전주시 덕진구 사평로 43 (덕진동1가) 1층,35.8414450751681,127.121205487696
광주삼각점,광주 북구 안산로 85 (삼각동) 1층,35.194839118657,126.901592782551
순천금당점,"전남 순천시 기적의도서관길 35 (연향동, 전주콩나물국밥) 1층",34.9482789650961,127.526047117991
의정부효자초점,경기 의정부시 부용로 211 (신곡동) 1층 101호,37.7498950068567,127.079976579065
광명소하점,경기 광명시 소하동 1364 1층 115호,37.4483467760412,126.891477703999
인천원당점,"인천 서구 원당대로 860 (당하동, 보람프라자)",37.593282173907,126.696870872013
울산전하스위첸점,울산 동구 바드래1길 55 (전하동) 107호,35.517259611824,129.427699275341
대명계대점,대구 남구 대명동 1892-52 1층,35.8557021283293,128.583204790017
검단아라점,인천 서구 이음1로 389 (원당동) 107호,37.5949820220298,126.716540104645
봉천역점,서울 관악구 봉천동 930-39 1층,37.4825308039217,126.940586489287
부평굴다리점,"인천 부평구 부일로 16 (부평동, 헤르메스아파트 2동) 104호",37.4901610201022,126.731769449584
광주신창점,"광주 광산구 신창로71번길 17 (신창동, 신창2차남양휴튼) 상가동 1층 107호",35.1914288547333,126.835500922236
구미임은점,"경북 구미시 왕산로 28-10 (임은동, 구미 임은 삼도뷰엔빌W) 301동 1층 111호",36.0860135576101,128.363755111776
범골역점,경기 의정부시 호동로 63 (호원동) 1층,37.7281704749502,127.043013678037
익산모현점,전북 익산시 배산로 139 (모현동1가) 1층 104호,35.9502541585433,126.940168444261
수원정자점,경기 수원시 장안구 정자동 888-2 102호,37.2924092194834,126.994062568711
부천괴안점,경기 부천시 괴안동 204-12 102호,37.4770283341227,126.802073590173
광주경안점,"경기 광주시 경안로41번길 6 (경안동, 경기광주역 금호리첸시아) 1층 B107호",37.408592165969,127.256303963521
인천갈산점,"인천 부평구 주부토로249번길 17 (갈산동, 부평지웰에스테이트) 114호",37.5169366783121,126.726237341535
세종나성점,"세종특별자치시 한누리대로 292 (나성동, 행복의아침) 1층 108호",36.4903246735595,127.257030692034
영덕영해신협점,경북 영덕군 영해면 예주길 86-1 (성내리),36.5392593644774,129.408912329745
신월사거리점,서울 양천구 신월동 148-4 신월동 리버스타운 102동 101호,37.5355023168371,126.826977396892
양주광적점,경기 양주시 광적면 가래비13길 3 (가납리) 1층,37.8262128755991,126.983206255706
상계사거리점,"서울 노원구 동일로 1379 (상계동, 다모아빌딩) 107호",37.6518043505091,127.060894004756
여수여천점,"전남 여수시 시청동3길 15 (학동, 죽암빌딩) 죽암빌딩",34.7587118631757,127.665551576036
송도센트럴파크점,"인천 연수구 센트럴로 194 (송도동, 더샵 센트럴파크2) c동 115호",37.3937862653635,126.641874180513
해비치리조트점,"제주특별자치도 서귀포시 표선면 민속해안로 577 (표선리, 흑돼지제주정) 1층",33.3248466512549,126.843851466482
부평시장점,인천 부평구 대정로 28 (부평동) 102호,37.4963383374826,126.724229887682
하남현대지식산업센터점,"경기 하남시 미사대로 540 (덕풍동) 1층 BC01-010호, 현대지식산업센터 한강미사2차",37.5578052341426,127.20583464536
개봉점,서울 구로구 개봉로 63 (개봉동) 1층 109호,37.4913821799938,126.855689499758
구월아시아드점,"인천 남동구 선수촌로46번길 4 (구월동, 구월드림프라자) 1층 103호",37.4431336544367,126.715233105164
신정네거리역점,서울 양천구 중앙로 247 (신정동) 1층,37.5183880750987,126.853415771975
송파래미안점,서울 송파구 오금로32길 30 (송파동) 1층 103호,37.5037526096939,127.119025975571
강서구청사거리점,"서울 강서구 화곡로64길 2 (등촌동, 경동미르웰한올림) 1층 101호",37.5572806227804,126.853561105277
양천구청점,"서울 양천구 목동동로 59 (신정동, 로얄프라자) 로얄프라자 1층 101호",37.5150507442326,126.861618186165
안산본오점,경기 안산시 상록구 본오동 880-15 103호,37.2937866612815,126.862656412343
송도한라웨스턴파크점,"인천 연수구 아트센터대로168번길 100 (송도동, 한라 웨스턴파크 송도) 120호",37.4060391141399,126.62896276616
전남영광점,전남 영광군 영광읍 대하길 112 (단주리) 1층,35.2779148378127,126.499951248972
파주야당한빛점,경기 파주시 야당동 1000-4 104호,37.7139861371013,126.748561230795
파주교하점,경기 파주시 동패동 1701 137-1호,37.7249041302204,126.718898234988
킨텍스꿈에그린점,"경기 고양시 일산서구 킨텍스로 240 (대화동, 킨텍스 꿈에그린) 1층 221호",37.6658756486743,126.751042108317
인천공항화물청사점,"인천 중구 공항동로193번길 116 (운서동, 대한항공운송대리점) 112호",37.46212201349,126.4671775432
인천당하점,인천 서구 청마로167번길 4 (당하동) 1층 103호,37.5925289743999,126.676285375498
완정역점,인천 서구 서곶로 837 (당하동) 1층 102호,37.5920755318838,126.672993187771
평택삼성점,"경기 평택시 고덕면 고덕여염9길 22 (여염리, 고덕 헤리움 비즈타워 2차) 101호",37.0395127810463,127.049683588526
광양중동점,전남 광양시 광장로 105 (중동) 1층,34.9333543690359,127.694544491286
군산미장점,"전북 군산시 미장남로 100 (미장동, 미장대원칸타빌) 1동 103호",35.9616347881068,126.733304594769
연천역점,경기 연천군 연천읍 연천로 245 (차탄리) 1층,38.0988524635148,127.074229173144
마들역점,"서울 노원구 동일로 1533 (상계동, 백산빌딩) 1층 103호",37.6653647809563,127.057246351895
전남고흥점,"전남 고흥군 고흥읍 고흥군청로 33 (남계리, 남계메디컬빌딩) 1층 102호",34.6051668415089,127.280471454775
인천용현점,"인천 미추홀구 토금남로 53 (용현동, 한양아파트) 한양아파트상가 107호",37.4508180650315,126.63808724512
부산수안점,"부산 동래구 충렬대로238번길 7 (수안동, 성완세띠앙) 상가동 113호",35.2009936624782,129.085423171508
마산어시장점,경남 창원시 마산합포구 동서동2길 49 (신포동2가) 마산어시장 인근,35.202148352311,128.57347175815
김해상동점,경남 김해시 상동면 상동로 563 (대감리) 1층,35.3082060581389,128.931249097182
경북성주점,경북 성주군 성주읍 성주로 3248 (성산리) 1층,35.9176225672102,128.289212807906
진주소호점,"경남 진주시 소호로19번길 11 (충무공동, 진주혁신도시 중흥에스-클래스 더프라임) 중흥 S클래스상가 B동 105호",35.1697191864921,128.133443716956
부천U1점,경기 부천시 조마루로385번길 92 (원미동) 124호,37.5007971475548,126.790116446423
전북대점,전북 전주시 덕진구 기린대로 466 (덕진동1가) 1층 101호,35.841865466558,127.126838192352
서귀포올레시장점,"제주특별자치도 서귀포시 중정로91번길 4 (서귀동, 핑크파티) 더벤티 서귀포올레시장점",33.2488627779676,126.566082995389
영종도더타임점,인천 중구 영종대로196번길 25 (운서동) 110호,37.4900562562283,126.499123016675
전주신일강변점,전북 전주시 완산구 효자천변1길 26-9 (효자동1가) 1층,35.7995920822604,127.11411842094
행신SK점,"경기 고양시 덕양구 행신로 153 (행신동, 미호상가) 미호상가 1층 4호",37.6193253572783,126.832307961369
하단가락타운점,부산 사하구 동매로 7 (하단동) 1층,35.103803332342,128.959139339461
천안성성점,"충남 천안시 서북구 성성9로 14 (성성동, 천안레이크타운2차 푸르지오) 501동 1층 104호",36.8412081869034,127.132057161454
남양주진접점,경기 남양주시 진접읍 해밀예당3로 57 (금곡리) 1층 101호,37.7147953203012,127.197906413982
성대시장점,"서울 동작구 국사봉1길 33 (상도동, 범한빌딩) 1층",37.4991089813509,126.930362165612
신평배고개점,부산 사하구 신평동 161-175,35.0929440850962,128.973632801065
신방학점,서울 도봉구 방학로 172 (방학동) 1층,37.6625747401152,127.033207955109
전주효자점,전북 전주시 완산구 우전로 212 (효자동2가) 1층,35.8133965952883,127.102129296411
전주송천현대점,전북 전주시 덕진구 솔내로 118 (송천동1가) 1층,35.8606597058338,127.126839451811
원주단구점,"강원 원주시 서원대로 408 (단구동, 광장빌딩) 1층 114호",37.3299803953294,127.950079338744
회룡역점,"경기 의정부시 외미로 104-12 (호원동, 유타상가) 1층 103-1호",37.7236657347269,127.04672994984
광주송정점,광주 광산구 송정로 29 (송정동) 1층,35.1362668959337,126.794447873248
항동SKV1점,서울 구로구 부광로 88 (항동) 지하1층 BB015-B호,37.4771787717297,126.816803363184
목포하당점,전남 목포시 부흥로 83 (옥암동) 1층,34.8037401144028,126.429935897203
원흥역푸르지오점,"경기 고양시 덕양구 권율대로 671 (원흥동, 원흥역 푸르지오) 107호",37.6498255332979,126.872534124241
파주운정점,경기 파주시 동패동 1761-4 동방프라자 104호,37.7117263715049,126.745143874536
인천작전점,인천 계양구 계양대로 41 (작전동),37.5275365215193,126.722083135289
김해진례점,경남 김해시 진례면 송현로 43 (송정리) 1층,35.248612809914,128.753160015689
별내파라곤스퀘어점,"경기 남양주시 순화궁로 249 (별내동, 별내역 파라곤스퀘어) 별내파라곤스퀘어 상가1동 C115호",37.6518833009949,127.128118486856
여수웅천점,전남 여수시 웅천5길 7 (웅천동) 1층,34.7487128592504,127.68386586823
전주에코시티점,"전북 전주시 덕진구 세병로 92 (송천동2가, 에코시티 데시앙 네스트 3블럭) 1층 111호",35.8725337370176,127.134202965541
부산초량점,"부산 동구 초량중로 114 (초량동, 범양레우스 센트럴베이) 103동 B120호 재부산일본국총영사관 앞",35.121213153349,129.041661018536
양산북정점,"경남 양산시 북정3길 1 (북정동, 춘하추동) 1층 일부",35.359434458097,129.047256240502
부산가야역점,부산 부산진구 가야대로 645 (가야동) 1층,35.1560889446438,129.042363894231
청라포스코점,"인천 서구 크리스탈로74번길 31 (청라동, 월드프라자) 113호",37.5320019481931,126.640129134154
철원와수점,"강원 철원군 서면 와수로 174 (와수리, 김화 치과 의원) 1층",38.2388950453389,127.438829123726
대구침산점,"대구 북구 침산로 153 (침산동, 명성푸르지오) 101동 A6호",35.8890265531963,128.589744306502
서귀포중문점,제주특별자치도 서귀포시 천제연로 268 (중문동) 101동 1호,33.250917948251,126.433468672948
포항학천점,경북 포항시 북구 흥해읍 도음로877번길 3 (학천리) 106호,36.0791620436078,129.329679514064
수락산역점,"서울 노원구 동일로 1701 (상계동, 희성오피앙) 1층, 109호",37.6803078379984,127.054886397111
대구동촌점,"대구 동구 동촌로 100 (검사동, 태왕아너스 르네상스) 401동 1층 105호",35.8860394089961,128.651765677038
아산테크노밸리점,충남 아산시 둔포면 아산밸리중앙로 82 (석곡리) 1층 107호,36.9232594940192,127.05722323141
송내하이센스빌점,"경기 부천시 부일로205번길 32 (상동, 하이센스빌) 제1층 제108호",37.4898636571149,126.75333848127
검단호반써밋점,"인천 서구 이음5로 15 (원당동, 검단신도시 호반써밋 이니티움) 검단호반써밋1차 3120동 107호",37.5962848101918,126.708131554426
중동역남부점,경기 부천시 경인로 72 (송내동) 1층,37.4835450368759,126.763180381305
포항양학점,경북 포항시 북구 양학로 51 (득량동),36.0278532347881,129.348402184807
광주진월점,광주 남구 금당로 4 (진월동),35.1180216189,126.897651431064
광주전대상대점,광주 북구 설죽로214번길 104 (용봉동) 1층,35.1778213887495,126.903431601919
언양서부점,"울산 울주군 언양읍 읍성로 48 (서부리) 2동, 1층",35.5678610672769,129.118267169794
공덕롯데캐슬점,"서울 마포구 마포대로 109 (공덕동, 롯데캐슬프레지던트) 지하층 B123호",37.5450686146253,126.950847479316
구로항동점,"서울 구로구 서해안로 2108 (항동, 아이온타워2) 1층 105호",37.4806382251407,126.823997084272
광양마동점,전남 광양시 사동로 176-1 (마동) 1층 101호,34.9543900852048,127.689589378659
전주송천점,전북 전주시 덕진구 두간11길 19 (송천동1가) 1층,35.8636149365175,127.115093996722
인천도화점,"인천 미추홀구 숙골로 102 (도화동, 채움프라자) 1층 106호",37.4713071320064,126.662748908783
부산감전점,부산 사상구 가야대로12번길 49 (감전동) 1층 103호,35.149589860528,128.973554412545
목포한국병원점,"전남 목포시 중화길 10-1 (상동) 1,2층",34.8087977677598,126.416172683112
대구테크노중앙점,대구 달성군 유가읍 테크노상업로4길 12 (봉리) 107호,35.6927962583827,128.460521196709
청주가경점,"충북 청주시 흥덕구 가경로 9-9 (가경동, 그린프라자) 그린프라자 102호",36.6162882495211,127.44329496641
구남역점,부산 북구 백양대로 1018 (구포동) 더벤티 구남역점,35.1964832257522,128.994955503279
혜화로점,서울 종로구 혜화로 20 (혜화동) 1층,37.5874207006881,127.000048798574
창동역점,서울 도봉구 마들로11길 73 (창동) 1층 101호,37.6532567533904,127.049060560533
시흥배곧한라점,"경기 시흥시 서울대학로 172-20 (정왕동, 한라비발디캠퍼스3차) 상가4동 1층 113 A호",37.3622658073564,126.718379533859
대화역점,"경기 고양시 일산서구 중앙로 1560 (대화동, 다산스카이빌) 102호",37.6760553092707,126.748645872599
연수구청점,"인천 연수구 원인재로 124 (동춘동, 한양1차아파트) 108호",37.4081354811897,126.681112790974
산곡역점,"인천 부평구 길주로364번길 9 (산곡동, 부평 IPARK) 상가동 117호",37.5081423388981,126.702886284041
익산영등점,전북 익산시 무왕로11길 6-13 (영등동) 104호,35.9592592828705,126.976164737618
전주아중점,전북 전주시 덕진구 석소로 24 (우아동2가) 1층,35.8294856002942,127.169471515502
인천만수로데오점,"인천 남동구 장승남로 61 (만수동, 인일프라자) 1층 103호",37.4436176393079,126.739063666518
백석더리브점,"경기 고양시 일산동구 중앙로 1079 (백석동, 백석역 더리브 스타일) 백석역더리브스타일 114호",37.6450543770892,126.784560867709
부평시장역점,인천 부평구 부평대로 69 (부평동) 1층,37.4976508258929,126.722075188419
논현역점,"서울 서초구 신반포로 329 (잠원동, 세기빌딩) 1층 6호",37.5108041146939,127.019505342
수원매산점,경기 수원시 팔달구 매산로 46 (매산로2가) 1층,37.2683612596668,127.006359904499
장승배기역점,서울 동작구 상도로 180 (상도동) 1층,37.5044412417121,126.938859906163
충남대점,대전 유성구 궁동로18번길 45 (궁동) 1층,36.3628743560789,127.349833601424
칠곡운암역점,대구 북구 구암로 139 (동천동) 1층,35.9320644264194,128.556122786702
의정부신곡점,"경기 의정부시 발곡로 10 (신곡동, 백상프라자빌딩) 104호",37.7309517896541,127.055862244455
여수안산점,"전남 여수시 선원4길 3 (선원동, 대양빌딩) 1층 3호",34.7612180879779,127.652313495501
오산중앙CGV점,경기 오산시 원동로 22 (원동) 르마레시티 1층 140호,37.1420138701993,127.071013098693
포항육거리점,경북 포항시 북구 중앙로 324 (덕산동) 1층,36.0415974126944,129.366375920331
의정부낙양점,경기 의정부시 송양로 29 (낙양동) 104호,37.7522841185615,127.109249937033
녹양역점,"경기 의정부시 체육로 306-32 (녹양동, 키움프라자) 102호",37.7596798323517,127.041367904055
계산역점,인천 계양구 주부토로 541 (계산동) 1층 113호,37.5425635595106,126.728048264516
울산전하점,울산 동구 진성5길 97 (전하동) 1층 전하 푸르지오 정문 앞,35.5080420971814,129.422984368323
기장교리점,부산 기장군 기장읍 차성로 430 (교리) 106호,35.2540918803487,129.217020694039
일산풍동점,"경기 고양시 일산동구 숲속마을로 22 (풍동, 진넥스 블루오션) 105호",37.6673086117714,126.800765670454
창원디세븐파크점,경남 창원시 의창구 중동중앙로 83 (중동) 1층 111호,35.2592723670411,128.627532336904
부평산곡점,"인천 부평구 안남로222번길 27 (산곡동, 경남아파트) 상가동 1층 103호",37.5034412838438,126.711764957838
제주일도점,제주특별자치도 제주시 동광로 87 (일도이동) 1층,33.5051380597229,126.53720674324
산본시장점,경기 군포시 산본동 216-17 1층,37.3699894200622,126.937437098242
송내투나점,경기 부천시 상일로122번길 45 (상동) 107호,37.4893257248646,126.755708117144
울산매곡점,울산 북구 매산로 3 (매곡동) 1동 1층,35.6419611502917,129.356668114616
포항용흥점,경북 포항시 북구 대안길 59 (용흥동) 우방종합상가 105호,36.0414373948251,129.350931068534
신대방삼거리역점,"서울 동작구 상도로 73 (대방동, 보광빌딩) 1층",37.4999001041175,126.928915695415
연신내점,서울 은평구 연서로29길 20 (갈현동) 1층,37.6193756876504,126.918308299502
마두역점,"경기 고양시 일산동구 강석로 123 (마두동, 뉴삼창마트) 1층 136호",37.6519010573211,126.778783672797
군산나운롯데점,"전북 군산시 하나운로 43 (나운동, 롯데아파트1,2차상가) 126동 1층 5호",35.9627637626119,126.700377525111
광주수완장덕점,"광주 광산구 풍영로 294-23 (장덕동, 광주 수완 세영리첼 아파트)",35.1989281067066,126.8170260641
광주수완점,광주 광산구 장신로147번길 6 (수완동) 1층 103호,35.191394652549,126.826493492675
마산석전점,경남 창원시 마산회원구 석전동 300 상가 125호,35.2285796039286,128.571150554521
군산산북점,"전북 군산시 동아로 148 (산북동, 서군산농협) 1층 101호",35.9683052262585,126.684601849692
광주상무치평점,"광주 서구 시청로 7 (치평동, 상무e-다움골드) 1층 102호",35.1490619004014,126.851312103527
중계은행사거리점,"서울 노원구 한글비석로 264 (중계동, 중계그랜드프라자) 1층 111호",37.6511587125973,127.077337907538
영주가흥점,경북 영주시 대동로13번길 28-1 (가흥동) 1층,36.8176888437609,128.603898055235
경주황성점,경북 경주시 황성동 503-9 1층,35.8658579166516,129.214997275713
청라더휴점,"인천 서구 청라한내로 40 (청라동, 청라 호수공원 한신더휴) 106호",37.5292000666636,126.628559577326
풍산역점,"경기 고양시 일산동구 하늘마을1로 2 (중산동, 풍산프라자) 108호",37.6745152819655,126.78601188638
동탄힐스테이트점,"경기 화성시 동탄기흥로 585 (영천동, 힐스테이트 동탄역) 109호",37.2126254757938,127.092131068606
김포지식산업센터점,경기 김포시 태장로 741 (장기동) 경동미르웰시티 1층 129호,37.6412239811458,126.683941382999
구미형곡중앙점,"경북 구미시 형곡로 150 (형곡동, 두산빌라) 1층 102호",36.107754443235,128.332690963214
장림역스마트점,"부산 사하구 장림번영로104번길 10 (장림동, 사하장림역스마트W아파트) 1층 108호",35.0802093959581,128.976338082008
평택모곡점,경기 평택시 산단로 58 (모곡동) A동 1층,37.0369243710474,127.076571268457
경남하동점,경남 하동군 진교면 경충로 1051 (진교리) 3호,35.0273873949763,127.905377936322
청학사거리점,강원 속초시 수복로 135-1 (청학동) 1층,38.2019745623656,128.583719005774
인천서운산업단지점,"인천 계양구 서운산단로 29 (서운동, 서운센트럴플라츠) 1층 106호",37.5340035658779,126.755676617371
남원세무서점,전북 남원시 동림로 91 (향교동) 1층 102호,35.4161607190076,127.385105896986
부평부흥점,"인천 부평구 장제로 162 (부평동, MV아파트) 상가동 1층 4호",37.5000453388653,126.731069922506
상현역점,"경기 용인시 수지구 광교중앙로 315 (상현동, 광교 티타워) 106호",37.2982893112225,127.069046461674
김해율하점,경남 김해시 관동동 1125-4 1층,35.1779880904633,128.820859300402
마포프레스티지자이점,서울 마포구 대흥로24길 24 (염리동) 마포프레스티지자이 A동 110호,37.5539607082089,126.947610265434
구미들성점,"경북 구미시 고아읍 들성로 171 (원호리, 구미고아세영리첼레이크뷰) 301동 1층 108호",36.1588150528665,128.339569384136
부천벚꽃마을점,경기 부천시 상일로 14-5 (상동) 1층 2호,37.4914790375598,126.743839380413
북가좌점,"서울 서대문구 응암로 79 (북가좌동, 문화빌딩) 108호",37.5802546696289,126.911189682461
길동점,서울 강동구 길동 363-10 1층,37.5382941192979,127.142719829236
김천덕곡점,경북 김천시 한마음길 2 (덕곡동) 1층,36.1168044812669,128.152032817115
부산송도해변점,부산 서구 송도해변로 85 (암남동) 1층,35.0763604143577,129.016846953471
온산덕신점,울산 울주군 온산읍 덕망로 72 (덕신리) 1층,35.4392072850279,129.306479993566
목동사거리점,서울 강서구 곰달래로 271 (화곡동) 1층 더벤티 목동사거리점,37.5325117907797,126.863157766031
서산예천점,충남 서산시 예천7로 4-10 (예천동) 1층,36.7671860258901,126.447598335318
안산신길점,"경기 안산시 단원구 중앙대로 421 (신길동, 모리아 오피스텔) 115호",37.3300256220449,126.786504221726
전주중화산점,전북 전주시 완산구 중화산로 89 (중화산동2가) 중화산동 2가,35.8183365016628,127.117973609149
도봉점,"서울 도봉구 도봉로180길 28 (도봉동, 도봉투웨니퍼스트2단지) 201동 1층 101호",37.6828886494205,127.047508580816
제주삼화점,제주특별자치도 제주시 건주로4길 6-8 (도련일동) 104호,33.5167666311552,126.58029352618
하나로마트분평점,"충북 청주시 서원구 분평로 26 (분평동, 호인센트럴존스포츠센타) 1층",36.6081914975547,127.488006387024
군산수송제일점,전북 군산시 수송동 805-1 102호,35.9679100140978,126.714241475812
마산진동점,"경남 창원시 마산합포구 진동면 진북산업로 55 (진동리, 마산 진동 협성엠파이어) 401동 1층 102호",35.1209867504771,128.487493962711
월영애시앙점,경남 창원시 마산합포구 월영동 738 마린애시앙부영 3동 상가 105호,35.1741039472062,128.56462132256
서정마을점,"경기 고양시 덕양구 중앙로 440 (행신동, 센타프라자) 1층 102호",37.6180891168928,126.846477408743
여수문수점,전남 여수시 여문2로 81 (문수동) 1층,34.7547289173854,127.693849599299
과천위버필드점,경기 과천시 별양상가2로 35 (별양동) 1층 105호,37.4254032971493,126.991857724067
광양서천점,"전남 광양시 광양읍 서북2길 11 (칠성리, 상아아파트) 상가2동 202호",34.9711528129764,127.578324534145
월곡사거리점,서울 성북구 월계로 46 (하월곡동) 1층,37.6111965749378,127.034866974807
창원대방성원점,"경남 창원시 성산구 대암로 110 (대방동, 성원남산3차아파트) 경동프라자 1층 101호",35.2154021697957,128.708101757106
문래점,"서울 영등포구 선유로 76 (문래동3가, 동국메뜨리앙) 103호",37.5206488765446,126.889905898442
울산진장점,울산 북구 진장유통로 4 (진장동) 지상 1층,35.5711059543311,129.357393875178
민락코스트코점,경기 의정부시 용민로 493 (민락동) 엘스퀘어 118호,37.7500161057265,127.118580219773
군산나운점,"전북 군산시 의료원로 141 (나운동, 영창아파트상가2동) 110호",35.9581279036807,126.700525284439
고양동산점,경기 고양시 덕양구 동세로 19 (동산동) 102호,37.6445427586745,126.886335948466
진주시청점,"경남 진주시 도동천로 48 (상평동, 진주센트럴자이) 상가동 105호",35.1781185886931,128.104595750727
개화산역점,서울 강서구 방화동 904 신마곡벽산블루밍상가 105동 106호,37.5712896980823,126.808179412194
여수엑스포점,전남 여수시 덕충안길 88 (덕충동) 1층 104,34.7536300554566,127.745444161553
인천백운역점,인천 부평구 마장로 76 (십정동) 1층,37.4854458666641,126.708303920607
노원KT점,"서울 노원구 동일로218길 41 (상계동, 영보빌딩) 1층 102호",37.6541765152214,127.063182686993
대구신월성점,대구 달서구 월성동 1812 더벤티 대구신월성점,35.8261374186679,128.528923948095
창원명곡점,경남 창원시 의창구 봉곡동 39-5 더벤티 창원명곡점,35.2433638531386,128.651722395183
포항두산위브점,경북 포항시 북구 장성동 1612  124동 103호 더벤티 포항두산위브점,36.0747886292126,129.381545847987
충주칠금점,충북 충주시 칠금동 608 더벤티 충주칠금점,36.9866499214305,127.921570430598
익산부송점,"전북 익산시 부송1로 86 (부송동, 씨에프랑스) 더벤티 익산부송점",35.9577580845888,126.991559635847
울산성남점,울산 중구 성남동 219-13  1층 더벤티 울산성남점,35.5538199038466,129.320425816384
일산후곡점,경기 고양시 일산서구 일산동 1079-5 더벤티 일산후곡점,37.6780614070043,126.767799739057
용인중앙시장점,경기 용인시 처인구 김량장동 133-85 1층 더벤티 용인중앙시장점,37.2360352165404,127.207372043749
구미남통점,경북 구미시 원평동 78-1 1층 더벤티 구미남통점,36.1282085583163,128.326683028421
마산회원이편한점,경남 창원시 회원구 회원남로65  220동(상가동)111호  더벤티 마산회원이편한점,35.2194026917238,128.569503435739
울산방어점,울산 동구 화문로 64 (방어동) 더벤티 울산방어점,35.483163560972,129.415854334258
송도더테라스점,"인천 연수구 센트럴로 415 (송도동, 힐스테이트 송도 더테라스) 판매시설S동 162호 더벤티 송도더테라스점",37.4108764303445,126.626941414901
제주노형점,제주특별자치도 제주시 월랑로 5 (노형동) 1층 더벤티 제주노형점,33.4866900263728,126.478263449417
다대자유점,부산 사하구 다대로 613 (다대동) 다대자유마트 128호 더벤티 다대자유점,35.0518948337651,128.971182314515
마산호계점,경남 창원시 마산회원구 내서읍 호계리 72-1 111호 더벤티 마산호계점,35.2661542115269,128.523188114217
평내호평역점,"경기 남양주시 늘을2로14번길 5 (호평동, 샤르망메디칼프라자) 1층 더벤티 평내호평역점",37.6541177667012,127.244569306565
경주산대점,경북 경주시 안강읍 구부랑3길 14-10 (산대리) 더벤티 경주산대점,36.001091269051,129.195371699485
창원드림타운점,경남 창원시 의창구 차룡로48번길 66 (팔용동) 더벤티 창원드림타운점,35.2400343378519,128.633689042661
인하대헤리움점,"인천 미추홀구 용정공원로83번길 49 (용현동, 인하대역 헤리움 메트로 타워) 1층, 142호 더벤티 인하대해리움점",37.4475677458871,126.648590803229
구미신평점,경북 구미시 신비로 4 (신평동) 더벤티 구미신평점,36.1230828629658,128.363181829625
울산동문점,"울산 울주군 삼남면 울산역로 274 (교동리, 울산역 신도시 동문굿모닝힐) 301동 1층 103호 더벤티 울산동문점",35.5578993699411,129.131710781672
인천간석시장점,인천 남동구 용천로 167 (간석동) 더벤티 인천간석시장점,37.4644684390433,126.714238992139
구미형곡점,경북 구미시 신시로 55 (형곡동) 더벤티 구미형곡점,36.1127698049374,128.338876037052
광주양산점,"광주 북구 하서로 415 (용두동), 1층",35.2122542713812,126.874086120681
수원SKV1모터스점,경기 수원시 권선구 평동로79번길 45 (평동) 수원SKV1모터스 1층,37.2598766368604,126.992777412725
옥정호수공원점,경기 양주시 옥정동 1036-4 114호,37.8212101214486,127.0967949635
월영점,"경남 창원시 마산합포구 월영마을로 14 (월영동, 현대상가) 103호",35.1745289729113,128.557623075906
한국해양대점,"부산 영도구 태종로 727 (동삼동, 한국해양대학교) 해양과학기술대학관",35.0744069144856,129.087131295108
울산중산점,"울산 북구 중산동 1282-5, 106호",35.6534729734413,129.349175539034
원주태장점,강원 원주시 북원로 2704-4 (태장동),37.384900028634,127.94787535995
모슬포점,제주특별자치도 서귀포시 대정읍 상모대서로 6 (상모리)  1층,33.2240946501085,126.255750449441
송도마리나베이점,"인천 연수구 랜드마크로 160 (송도동, 더샵 송도 마리나베이) 109호",37.4160462054007,126.610877117161
송도랜드마크시티점,"인천 연수구 랜드마크로 68 (송도동, 랜드마크시티센트럴더샵) 상가 1층 58호",37.4151172407027,126.618222141856
사천정동점,경남 사천시 정동면 진삼로 1392-11 (고읍리),35.0757284312844,128.084716476109
가산테라타워점,서울 금천구 디지털로10길 78 (가산동) 106호,37.4745325914718,126.889614189767
상주시청점,경상북도 상주시 상산로 242 (남성동),36.4124585047258,128.159807796664
파주봉일천점,"경기 파주시 조리읍 통일로 320 (봉일천리, 그랜드약국)",37.7444078156348,126.809343277217
구미금오파크점,경북 구미시 새마을로 150-1 (사곡동),36.104707231472,128.353683886523
부천남부역점,경기 부천시 심곡본동 671-1 106호,37.4827328576592,126.781261097148
김천율곡점,경상북도 김천시 율곡동 1111 율곡테크노벨리 125호,36.1278916634471,128.18167487192
통영북신점,경상남도 통영시 북신동 660-9,34.8559032372558,128.428437792585
녹번역점,"서울 은평구 은평로 220 (응암동, 녹번역e편한세상캐슬아파트), 상가A동 104호",37.6005343844723,126.932098856535
부천옥길지구점,"경기 부천시 양지로 205 (옥길동, 부천옥길 서영아너시티2), 110호",37.4677980321326,126.824175614165
영종하늘도시점,"인천 중구 중산동 1873-3, 116호",37.4887143002156,126.558947760255
목동역점,"서울 양천구 목동로 210 (목동, 타운빌딩)",37.5273834294204,126.864447323512
창원성주점,"경남 창원시 성산구 삼정자로51번길 3 (성주동, 삼정자빌딩),103호",35.1982911501207,128.71138583029
창원중앙역점,"경남 창원시 의창구 용동로83번안길 3 (사림동,화사랑병원) 105호",35.2388732091787,128.700546131154
울산강변공원점,울산 남구 돋질로257번길 21-1 (삼산동),35.54616188718,129.331705372845
포항도구점,경북 포항시 남구 동해면 연오로7번길 1 (도구리),35.9880718175218,129.442288145251
성수아이에스점,"서울 성동구 성수이로 147 (성수동2가, 아이에스비즈타워)",37.5480237777484,127.057577230943
부천중앙공원점,"경기 부천시 소향로 181 (중동, 센트럴파크 푸르지오) 상가동 101호",37.502022945731,126.768132931615
창원아티움시티점,"경남 창원시 의창구 팔용동 35-1, 아티움시티 156호",35.2357555457554,128.641231787648
창동점,서울 도봉구 창동 743-28,37.6605185232584,127.049623388974
의정부고산점,"경기 의정부시 서광로 135 (산곡동), 센타프라자 111호",37.7290110537457,127.110941113727
창원중앙점,"경남 창원시 성산구 용지로 70 (중앙동, 성원오피스텔), 104호",35.2220973957462,128.676299239476
원주원예하나로클럽점,"강원 원주시 무실로 182 (단계동, 원주원예농협하나로클럽) 1층",37.3414543848242,127.939264366042
시흥신천점,"경기 시흥시 시흥대로 1121 (신천동, 신천휴먼시아 상가조합), 101호",37.4355508869601,126.791170628811
양주덕정점,"경기 양주시 회정로 134 (덕정동, 두리테크 덕정타운), 107호",37.8371682436631,127.068336267092
평택고덕점,경기 평택시 고덕면 고덕여염12길 130 (여염리),37.041816683577,127.052945212336
구미남율점,"경북 칠곡군 석적읍 남율리 1087, 효성해링턴플레이스 1단지 상가동 102호",36.0684297203913,128.402168884924
용인역북점,경기 용인시 처인구 명지로 24 (역북동) 역북 THE럭스나인  B110호,37.2339721375804,127.188022329728
청라커낼에비뉴점,"인천 서구 청라에메랄드로 79 (청라동), 1층 B18호",37.5323137588511,126.655684541211
정관방곡점,"부산 기장군 정관읍 방곡3로 2 (방곡리), 1층 103호",35.3248308583701,129.189182503147
제주용담점,제주특별자치도 제주시 용담로 39 (용담삼동),33.5131828926187,126.507039299367
미아사거리역점,"서울 강북구 도봉로 63 (미아동, 행복빌딩)",37.6147798725331,127.029687648611
포항자이점,"경북 포항시 남구 상도남로 15 (대잠동, 포항 자이), 자이아파트 상가 내",36.0088436606601,129.343614376295
서귀포서홍점,제주특별자치도 서귀포시 홍중로 43 (서홍동),33.25647911859,126.557359858336
이천신하점,경기 이천시 부발읍 경충대로 2236 (신하리),37.2601200655707,127.478180299401
포항장성현대점,경북 포항시 북구 장량로139번길 32 (양덕동),36.0844897167263,129.394711695208
오류동역점,서울 구로구 경인로 208 (오류동) 1층 2호 더벤티 오류동역점,37.4959106894029,126.844168787936
인천성모병원점,"인천 부평구 육동로 3 (부평동, 리첸시아)",37.4856845280856,126.724359168043
대구용계점,대구 동구 용계동 755-11,35.873707583562,128.69202117486
진해경화점,경남 창원시 진해구 경화동 1388 대동가숲 상가 1층 102호,35.1611650443987,128.679677869665
고대점,서울 성북구 안암동5가 103-101,37.5842382869341,127.029596943178
대신증권본사점,"서울 중구 삼일대로 343 (저동1가, 대신파이낸스센터(Daishin Finance Center)) B1",37.5651004556362,126.986959615068
사천점,경남 사천시 사천읍 읍내1길 49 (수석리),35.0819666659133,128.086423130197
충주호암점,"충북 충주시 호암토성3길 3 (호암동, 호암시그니처 603)",36.9536239583823,127.933414873381
인천향촌점,인천 남동구 만수서로 56 (만수동),37.4614356643531,126.732213673521
문산역점,경기 파주시 문산읍 문산리 17-345,37.8546875195398,126.786394473536
시화로데오점,경기 시흥시 중심상가3길 11  103호,37.3450087216928,126.737047474535
양천향교역점,서울 강서구 마곡동 776 대방티엠씨티 2차,37.5686012057916,126.839375312516
양주옥정점,경기 양주시 옥정동 963-12 옥정시네마엠디프라자 116호,37.8194149152661,127.092138764151
롯데마트오산점,"경기 오산시 경기대로 271 (오산동, 롯데마트오산점)",37.1494512450072,127.073047019053
군산수송점,전북 군산시 수송로 216 (수송동),35.9637722448197,126.719236027939
포천신읍점,경기 포천시 중앙로 124-1 (신읍동),37.8973183852056,127.203412358551
부천시청역점,"경기 부천시 길주로 177 (중동, 에스티마오피스텔) 에스티마오피스텔 104호",37.5053779048205,126.762276320752
의정부금오점,경기 의정부시 금오동 470-5,37.7526643256771,127.069433828522
창원안민점,경남 창원시 성산구 안민동 163-1 101-2호,35.1792921011411,128.686740994728
언양양우내안애점,울산 울주군 언양읍 내곡능골길 93-20 양우내안애더퍼스트상가 2동 107호,35.5812390511383,129.122658571643
포항장성점,"경북 포항시 북구 침촌지구로 8 (장성동, 장성 푸르지오 근린생활시설)",36.0862615388462,129.379229473059
용인동백스퀘어점,경기 용인시 기흥구 동백죽전대로 331 (중동)  스퀘어일레븐 주건축물 제1동 지하2층 B206호(중동),37.2696730115485,127.15128128964
월미도점,"인천 중구 월미문화로 53 (북성동1가) 북성동 1가,98-438",37.4736390469512,126.597053865477
인천석남점,인천 서구 석남동 455-7,37.5124083415525,126.672371525111
부천상동역점,"경기 부천시 상동로 84 (상동, 영플러스)",37.5044888758714,126.753480260924
옥계4공단지점,경북 구미시 옥계동 834-4,36.1377449704162,128.42206536295
인천부개점,인천 부평구 부개동 496-19,37.5040069827323,126.739034024335
평촌학원가점,경기 안양시 동안구 호계동 1058-7,37.3836920915997,126.959248176106
엔터식스안양역점,"경기 안양시 만안구 만안로 232 (안양동, 안양역) 엔터식스안양역점 지하1층",37.4014349994721,126.92300270344
창원반지점,경남 창원시 의창구 중동중앙로 47 어반브릭스 1042호,35.2566260149864,128.624998278346
포천송우점,경기 포천시 소흘읍 송우리 187,37.8283943592492,127.146503570467
압구정점,"서울 강남구 압구정로 216 (신사동, 코끼리상가)",37.5280853233349,127.031024642567
순천연향점,전남 순천시 연향동 1336-6,34.9510518078926,127.520812040222
용호성모점,부산 남구 용호동 542-20,35.1116702879514,129.111215289485
구룡포점,경북 포항시 남구 구룡포읍 호미로 253-3 (구룡포리),35.9913738608178,129.558177417619
광명사거리역점,경기 광명시 광명동 158-780,37.4775859746711,126.853804486737
롯데마트송파점,"서울 송파구 중대로 80 (문정동, 문정프라자) 지하2층",37.4917620371568,127.117842816756
포천일동점,경기 포천시 일동면 화동로 1048-2 (기산리),37.9569612444714,127.317535028839
진해장천점,경남 창원시 진해구 풍호동 305-17 221동 207-1호,35.1312569748148,128.707194289578
주례역점,부산 사상구 주례동 1163-17,35.1502420905448,129.003505106611
용인상현점,"경기 용인시 수지구 만현로 110 (상현동, 원희캐슬프라자) A동",37.3066916421248,127.084860617792
신평역점,부산 사하구 하신중앙로 184 (신평동),35.0952561966152,128.962319754487
독산점,서울 금천구 시흥대로122길 7 (독산동)  1층,37.4695504000981,126.898704802331
잠실새내역점,"서울 송파구 석촌호수로 84 (잠실동, 내네빌딩)  1층 101호",37.5087805500559,127.086665176
간석역점,인천 남동구 간석동 394-14,37.4643085153779,126.694539331165
여수학동점,전남 여수시 쌍봉로 19-1 (학동),34.7668364156211,127.658274888044
여수여서점,전남 여수시 여서1로 93 (여서동),34.7542057764002,127.70730310171
거제수월점,경남 거제시 수양로 457 (수월동),34.8923235285295,128.640963146792
인천송도점,"인천 연수구 신송로125번길 7 (송도동, 이리옴프라자)",37.3949476876212,126.651558363049
중동역북부점,경기 부천시 부일로 340 (중동),37.4878307608677,126.767809209877
인천서창점,"인천 남동구 서창남순환로 222 (서창동, 센타프라자)  115호",37.4241512344187,126.749475239779
무거문수점,울산 남구 무거동 833-1,35.5492767878923,129.255420771172
창원명서점,"경남 창원시 의창구 명지로 82-4 (명서동, 장원상가)  명서시장 인근",35.2491944630471,128.646712204989
대구용산점,대구 달서구 용산서로 14-8 (용산동),35.8583356331784,128.529064899192
해운대역점,부산 해운대구 구남로 8-2 (우동),35.1629214439121,129.159171244134
양주신산점,경기 양주시 남면 개나리11길 2 (신산리),37.8963662212707,126.974660830325
부천소새울역점,경기 부천시 소사로 102 (소사본동),37.4678861663403,126.797979497176
신당점,서울 중구 퇴계로86길 2 (신당동),37.5654158887018,127.019599483455
창원감계점,"경남 창원시 의창구 북면 동전로 63 (감계리), 102호",35.3018790404443,128.595564263546
울산화봉시장점,울산 북구 화봉로 59 (화봉동)  나동 118호,35.5885709522588,129.365622434615
경주안강점,경북 경주시 안강읍 안강리 342-15,35.9909399747929,129.224492805429
서면2호점,부산 부산진구 중앙대로702번길 21 (부전동),35.1555499173397,129.060370184212
김해아이스퀘어점,경남 김해시 부원동 1043 김해아이스퀘어몰 3층 K301,35.224859790328,128.884142368092
대구율하광장점,대구 동구 율하동 1421,35.862802225128,128.695674847212
서귀포동홍점,"제주특별자치도 서귀포시 동홍중앙로 70 (동홍동, 세븐일레븐)",33.2567714393565,126.572254825252
구미비산점,"경북 구미시 신비로 95 (공단동, 강변파라디아) 1층",36.1207826275357,128.37193396898
의정부민락점,경기 의정부시 오목로225번길 147 (민락동) 폴리프라자 2차,37.7452996896056,127.095718882854
마곡나루역점,"서울 강서구 마곡중앙로 161-11 (마곡동, 힐스테이트에코마곡나루역라마다앙코르서울)  힐스테이트에코마곡나루 에이동 110호",37.5680142599276,126.826732885929
다산신도시점,경기 남양주시 다산중앙로146번길 12-16 (다산동) 파크뷰타워 103호,37.6252049735869,127.154936446325
순천신대점,"전남 순천시 해룡면 좌야로 150 (신대리, 중흥에코시티7단지)  1층",34.9379719428639,127.547094517768
화성능동점,"경기 화성시 동탄지성로 135 (능동, 동탄엠플렉스)",37.2092342407249,127.06043697464
창원더샵센트럴파크점,경남 창원시 성산구 가음동 16 1층,35.2091739193026,128.698612965901
울산송정점,"울산 북구 화산로 104 (송정동, 반도유보라 아이비파크)",35.6015109719403,129.366428501519
인하대점,인천 미추홀구 인하로77번길 25 (용현동),37.4523057279822,126.657375280491
울산다운점,울산 중구 구루미7길 46 (다운동),35.558153415816,129.272272242891
부산연지점,"부산 부산진구 새싹로 177 (연지동, 세동한신아파트) 1층",35.1719499445612,129.049507584429
인천가정점,인천 서구 가정동 618-3,37.5271541813116,126.67129996013
광명무역센터점,경기 광명시 일직로 72,37.4200359072339,126.88918699963
부산만덕점,"부산 북구 덕천로276번길 60 (만덕동, 백양산동문굿모닝힐)",35.2058687951711,129.033190025409
포항인덕포스코점,경북 포항시 남구 인덕로 65 (인덕동),35.9907984735461,129.397133168287
롯데몰수지점,"경기 용인시 수지구 성복2로 38 (성복동, 성복역 롯데캐슬 골드타운) 지하 1층",37.3127975899328,127.081666875865
부산신항점,경남 창원시 진해구 용원동 1343-5 신항에비뉴타워 1층 106호,35.0877283303429,128.814627717659
원주기업도시점,강원 원주시 지정면 가곡리 1348-4,37.3743665588732,127.875089880229
인천모래내시장역점,인천 남동구 구월동 1264,37.4555236212905,126.71967390992
강원양구점,강원 양구군 양구읍 중심로 192 (상리),38.1073893173813,127.989581196863
여수죽림점,전남 여수시 소라면 죽림중앙로 30-40 (죽림리),34.7629863433641,127.638525731344
경주현곡점,"경북 경주시 현곡면 용담로 548 (하구리, 경주센트럴푸르지오) 1동 1층",35.892248181656,129.174455964026
김포구래점,경기 김포시 김포한강9로 95 (구래동),37.6451553007371,126.625590298033
대구월배점,대구 달서구 유천동 97,35.8165029446581,128.517377090387
경남고성점,경남 고성군 고성읍 동외로 154 (동외리),34.9749566521035,128.326113115317
용호메트로시티점,"부산 남구 분포로 113 (용호동, 엘지메트로시티) 1층",35.1272669147748,129.109040555258
엄궁사거리점,"부산 사상구 낙동대로 790 (엄궁동, 신우프라자)",35.1310279277785,128.972450403298
서귀포신시가지점,제주특별자치도 서귀포시 김정문화로 67-1 (서호동) 1층,33.2508776833231,126.511854113846
순천오천점,전남 순천시 오천6길 20 (오천동) 나동 1층,34.9335984308215,127.494353971915
중앙대점,서울 동작구 흑석로 90 (흑석동),37.5071593110783,126.959638419285
진주평거들말점,경남 진주시 평거로 26 (평거동) 1층,35.1726545133846,128.064138653313
창원대원점,"경남 창원시 의창구 창원천로 34 (대원동, 대원 꿈에그린) 1층",35.2537,128.6401
광주운암점,"광주 북구 북문대로 79 (운암동, 벽산 블루밍1차아파트) 1층",35.1774154878258,126.877672605751
부산기장점,"부산 기장군 기장읍 차성로344번길 10 (동부리, 동경빌딩), 1층",35.2479627354876,129.214487402698
울산강동산하점,울산 북구 산하중앙2로 283 (산하동) 지하1층 B101호,35.6357003052503,129.43797404808
인천길병원점,"인천 남동구 구월남로 174 (구월동, 그랜드프라자)",37.4527798408661,126.709076156252
수원영통중앙점,"경기 수원시 영통구 반달로7번길 16 (영통동, e-폴리스) 1층",37.2526579343798,127.074394675407
기흥더샵점,"경기 용인시 기흥구 기흥역로58번길 78 (구갈동, 기흥역 더샵), 1층 111호",37.2734741309411,127.118016537449
영덕보건소점,경북 영덕군 영덕읍 도매샛길 34-1 (덕곡리),36.4133058619852,129.37295845415
포항시외버스터미널점,경북 포항시 남구 중흥로 90 (상도동),36.0130954043048,129.350975115301
포항초곡점,경북 포항시 북구 흥해읍 초곡지구로58번길 38-2 (초곡리),36.0968611989658,129.335983769866
수영구청점,"부산 수영구 광남로 45 (남천동), 1층",35.1467942882221,129.11164383075
동탄남광장점,"경기 화성시 동탄중심상가1길 35 (반송동, 한솔프라자), 107호 일부",37.201072029422,127.071661334322
신진주역점,경남 진주시 관문로 7 (가좌동)  상가동 120호 율곡스퀘어프런티어,35.1522076899133,128.116825328915
인천삼산점,"인천 부평구 체육관로 40 (삼산동, 신영프라자)  1층 108호",37.5082394122578,126.736140512277
대구세천점,"대구 달성군 다사읍 세천북로 9 (세천리),1층 104호",35.875435277128,128.478621473458
동대구역점,"대구 동구 동부로 149 (신천동, 신세계동대구복합환승센터), 동대구역사 내 지하1층",35.8779406718693,128.629190024219
경산중방점,경북 경산시 경안로38길 17 (중방동),35.8258311352227,128.737725543142
광주효천점,"광주 남구 효천중앙로 62 (임암동), 1층 102호",35.1021905327229,126.875292948544
남원도통점,전북 남원시 용성로 232 (도통동),35.4178393328696,127.397209580595
순천조례점,전남 순천시 신월큰길 19 (조례동),34.9605514741275,127.51941056716
전주삼천점,"전북 전주시 완산구 용리로 136 (삼천동1가, 성지한의원), 1층",35.7973090735141,127.124317060417
국제시장점,부산 중구 대청로 71-1 (보수동1가) 1층,35.1032929697596,129.027782485124
향남롯데시네마점,"경기 화성시 향남읍 상신하길로298번길 7-21 (하길리), 104호",37.1151617025021,126.912468949091
왜관역점,경북 칠곡군 왜관읍 중앙로8길 9-1 (왜관리),35.9923068649965,128.399340741437
청라에일린점,"인천 서구 청라커낼로 300 (청라동, 청라센트럴에일린의뜰) 2동",37.5355843959693,126.645399759821
함양점,경남 함양군 함양읍 고운로 61 (용평리),35.5207587427785,127.728176816048
진해남문점,"경남 창원시 진해구 남영로55번길 3 (남문동, 진해 남문코아)",35.1061040866497,128.751859037516
상주점,"경북 상주시 삼백로 71 (무양동), 179호",36.4190319426723,128.151748870524
전주법조타운점,전북 전주시 덕진구 만성로 140 (만성동) 1층,35.8434726485014,127.077044296597
단양점,"충북 단양군 단양읍 삼봉로 319-1 (별곡리, 더벤티 커피)",36.985383778253,128.369097571738
일산웨스턴돔점,"경기 고양시 일산동구 정발산로 24 (장항동, 웨스턴돔1) 웨스턴돔 A동 161호",37.6558964094856,126.772038816453
연천전곡점,"경기 연천군 전곡읍 온골로 59 (전곡리), 1층",38.0261737787362,127.067746537867
밀양삼문점,경남 밀양시 미리벌중앙로5길 9-1 (삼문동),35.4834059798211,128.747759449822
부평점,"인천 부평구 경원대로 1395 (부평동, 부평일번가), 1층 107호",37.491839012441,126.724470209902
인천라피에스타점,"인천 남동구 논고개로 61 (논현동, 라피에스타), 1층",37.3975373516636,126.727520375664
구미송정점,경북 구미시 백산로 66 (송정동) 1층,36.1211183396972,128.340414058305
진주혁신도시점,경남 진주시 대밭골로60번길 16 (충무공동) 1층,35.182119895147,128.149771374559
전주우아점,전북 전주시 덕진구 호성1길 9 (우아동3가),35.8557544137375,127.155134699662
2001아울렛부평점,"인천 부평구 경원대로 1277 (산곡동, 2001아울렛부평점) 1층",37.4907874287156,126.710005626732
구미인동점,경북 구미시 인동중앙로1길 17 (황상동),36.1074223094106,128.419117050071
포항송도점,경북 포항시 남구 송도로 35-1 (송도동) 1층,36.0336728349869,129.374966964032
울산호계점,"울산 북구 호계매곡1로 32 (매곡동, 드림인시티 에일린의뜰 2차) 1층",35.6361878362889,129.362891510422
창원용지점,"경남 창원시 성산구 외동반림로 206 (용호동, 무학아파트) 1층",35.235618255222,128.676926742231
포항유강점,"경북 포항시 남구 연일읍 유강길9번길 45 (유강리), 1층 105호",36.0043663070523,129.315511671497
포항창포메트로시티점,"경북 포항시 북구 새천년대로1075번길 55 (창포동, 창포메트로시티2단지 상가동) 242동 1층 102호",36.0682734591413,129.368169311103
신림녹두거리점,서울 관악구 대학길 35 (신림동),37.4691291976649,126.937807985524
창원구암점,경남 창원시 마산회원구 구암북2길 122 (구암동),35.2557897049403,128.598055666941
양산중부점,"경남 양산시 양산역6길 13 (중부동, 메트로타워빌딩) 1층",35.33749191272,129.02740889173
동인천역점,"인천 중구 참외전로 124-2 (인현동, 방파레)",37.4753167140724,126.630863157337
면목역점,"서울 중랑구 겸재로 190-1 (면목동) 1층, 2층",37.5884128836719,127.088819330554
영천시청점,경북 영천시 시청동길 31 (문외동),35.9740434938772,128.938660118176
롯데마트본사점,"서울 송파구 올림픽로 269 (신천동, 롯데캐슬골드) 6층",37.5144273491608,127.100611434725
포항영일대점,경북 포항시 북구 두호로 28 (두호동) 1층,36.060249755751,129.375299983225
전주혁신도시점,"전북 전주시 덕진구 기지로 82 (중동), 1층 104호 일부",35.8380421878472,127.060912238567
창원반림점,"경남 창원시 성산구 원이대로473번길 21 (반림동, 반림상가) 1층",35.2355818067391,128.67015910066
제주시청점,제주특별자치도 제주시 광양10길 3 (이도이동) 1층,33.4992275790343,126.52964053024
태화시장점,울산 중구 평동길 4 (우정동),35.5567934490144,129.306789147679
수원호매실점,경기 수원시 권선구 금곡로102번길 38 (금곡동) 1층,37.2724668297523,126.941181644422
부암점,"부산 부산진구 백양산로 59 (부암동, 당감뜨란채아파트), 1층 103호",35.1739927140816,129.030572455859
충주연수중앙점,충북 충주시 번영대로 211 (연수동) 114호,36.9875058495892,127.941136968332
포항오광장점,"경북 포항시 남구 포스코대로 324 (상도동, 한국투자증권), 1층",36.018228677073,129.359127177466
회기사거리점,서울 동대문구 이문로 28 (휘경동) 1층,37.5898313528584,127.056008414751
경주용강점,경북 경주시 다불로 11 (용강동),35.8768228719302,129.228615641214
부평역사점,인천 부평구 광장로 16 (부평동) 지하 1층,37.4895676659869,126.72335064425
천호로데오점,서울 강동구 천호동 412-3,37.5399113004021,127.127626919094
칠곡북삼점,경북 칠곡군 북삼읍 금오대로8길 2 (인평리),36.0697037166989,128.34767630017
홈플러스부천소사점,"경기 부천시 경인로 532 (괴안동, 삼성홈플러스소사점), 1층",37.4848490770067,126.814395198893
진해석동점,"경남 창원시 진해구 냉천로 101 (석동, 한사랑빌딩) 1층",35.1537581355587,128.707905511475
동송터미널점,"강원 철원군 동송읍 금학로 212 (이평리, 바이더웨이), 1층",38.2076703639501,127.218757605607
낫개점,부산 사하구 다송로72번길 64 (다대동) 1층,35.0603702068972,128.980825505549
이화여대포스코관점,"서울 서대문구 대현동 11-1, 이화포스코관",37.5631740311778,126.947807434256
부산충무동점,부산 서구 충무대로 285 (충무동1가) 1층,35.0960672567585,129.024180941032
경성대건학기념관점,"부산 남구 수영로 309 (대연동, 경성대학교) 1층",35.1384873078988,129.10010311307
홈플러스고양터미널점,"경기 고양시 일산동구 중앙로 1036 (백석동, 베스트 고양터미널) 지하2층",37.6431349100152,126.789797411977
포항양덕점,"경북 포항시 북구 천마로72번길 32 (양덕동), 1층",36.0828965064706,129.400442119958
롯데마트김포공항점,서울 강서구 방화동 886 롯데마트 김포공항점 내 지하2층(GF층),37.5668093694949,126.802955054368
포항연일점,"경북 포항시 남구 연일읍 동문로 33 (동문리), 102호",35.993216907476,129.351649480965
화명카이저점,"부산 북구 금곡대로 166 (화명동, 롯데캐슬카이저) 903동",35.2263603201003,129.012210130511
NC강서점,"서울 강서구 강서로56길 17 (등촌동, 엔씨백화점) B1층",37.559933531546,126.840498784915
옥계부영점,"경북 구미시 산호대로25길 42 (옥계동), 1층",36.1406168636707,128.416705688781
구미확장단지점,경북 구미시 산동면 신당1로3길 19 (신당리) 골드타워 상가 1층,36.1558188604077,128.431208691748
창원소답점,"경남 창원시 의창구 읍성로 81 (소답동, 봉화빌딩), 1층",35.2651057663786,128.626985309349
시지매호점,"대구 수성구 달구벌대로647길 16 (신매동, 시지태왕하이츠), 401동 108호",35.8395410977944,128.71185651733
강남점,"서울 강남구 역삼동 827-14, 프레스티지투 1층",37.4961650827362,127.030691518762
롯데마트김포한강점,경기 김포시 김포한강2로 41,37.6412701660367,126.677601659359
배곧신도시점,"경기 시흥시 서울대학로278번길 19-8 (정왕동, 새롬프라자) 1층",37.3698356601897,126.728353838883
포항환호점,경북 포항시 북구 환호동 395-1,36.0686616448079,129.393414911671
상무점,광주 서구 치평동 1326 1층 101-4호,35.1464579746866,126.847050956307
충무공점,경남 진주시 사들로 79 (충무공동) 1층,35.1749359524801,128.148934309107
진평점,경북 구미시 인동36길 24-4 (진평동) 1층,36.0928553982433,128.431614982646
울산성안점,울산 중구 백양로 8 (성안동),35.5758680166138,129.307546084424
창원봉곡점,경남 창원시 의창구 봉곡로123번길 8 (봉곡동) 1층,35.2459633979535,128.671170459301
롯데마트김천점,"경북 김천시 시청로 80 (신음동, 롯데마트김천점)",36.1359705509825,128.117793680577
대왕암공원점,"울산 동구 등대로 99 (일산동, 대왕암상가) C동",35.4909051135789,129.43539839587
뉴코아강남점,서울 서초구 잠원동 70-2,37.5093984901892,127.007310350937
포항흥해점,경북 포항시 북구 흥해읍 흥해로 45-10 (옥성리),36.109431091305,129.346401300688
용인동백점,경기 용인시 기흥구 동백중앙로 283 (중동),37.278013079108,127.153487824004
함안호암점,"경남 함안군 칠원읍 호암길 14 (오곡리, DH 타워)  1동 1층 115호",35.2752558788993,128.521842579713
우현점,경북 포항시 북구 우창동로 40 (우현동) 1층,36.0554458217611,129.363055039773
천상점,"울산 울주군 범서읍 천상2길 16 (천상리, 신한다솜아파트) 상가 102동 105호",35.5623547606414,129.228166696254
뱅뱅사거리점,"서울 강남구 강남대로62길 22 (역삼동, 황산빌딩) 1층",37.4905602740121,127.0333648151
두호점,경북 포항시 북구 용두산길 32 (두호동),36.0666077011636,129.381401198388
진주초전점,"경남 진주시 대신로475번길 16-17 (초전동), 1층 104호",35.2031601463533,128.114228171252
통영죽림점,경남 통영시 광도면 죽림4로 23-19 (죽림리),34.8857971217563,128.41795064052
포항효자점,경북 포항시 남구 효성로 12-9 (효자동) 1층,36.0058663283988,129.335052974872
나주혁신점,전남 나주시 우정로 75 141동 1층 105호(빛가람동 중흥S클래스 1차,35.0239629828585,126.787163981006
언양점,울산 울주군 언양읍 헌양길 71 (남부리),35.5648443696373,129.123121424135
서울대입구역점,서울 관악구 남부순환로 1811 (봉천동),37.4817481992415,126.951459046892
포항법원점,경북 포항시 북구 법원로 152 (양덕동) 1층,36.0882780432506,129.387496106634
야탑점,경기 성남시 분당구 야탑동 353-5,37.4116053405538,127.127618453318
강남구청역점,서울 강남구 논현동 111-31,37.5179559974765,127.040758778949
롯데마트진주혁신점,"경남 진주시 동진로 440 (충무공동, 롯데몰) 지하 1층",35.1801540327483,128.139841256694
경성대부경대점,"부산 남구 용소로 9 (대연동, 성신빌딩) 성산빌딩 1층 일부호(대연동)",35.1365571707623,129.100677062772
을지로6가점,서울 중구 을지로6가 23-19,37.5661383303164,127.006190448645
도량점,"경북 구미시 도봉로 76-61 (도량동),1층 104호",36.139718102458,128.316015998862
롯데마트충주점,"충북 충주시 봉계1길 49 (칠금동, 충주공용버스터미널)",36.9815232777626,127.914348036478
롯데마트구미점,"경북 구미시 구미대로22길 11 (신평동, 롯데마트구미점)",36.1137881261944,128.365409037404
도계점,"경남 창원시 의창구 도계로 71 (도계동, 진한데파트), 1층 101호",35.2583628488273,128.638754663514
영도대교점,"부산 영도구 태종로 107 (영선동1가, 영도오션트라움) 1층",35.0913073200108,129.042740161086
목원대점,대전 서구 도안동 878,36.3303627243791,127.339862569866
용인보정점,경기 용인시 기흥구 죽전로 29 (보정동) 1층,37.3207519821022,127.11207506348
뉴코아부천점,"경기 부천시 송내대로 239 (상동, 부천터미널소풍), 5층",37.5041446553817,126.756721807955
장유대청점,"경남 김해시 계동로102번길 27 (대청동, 울트라상가) 1층",35.1862494152005,128.796844925143
장유젤미점,경남 김해시 번화1로68번길 15 (대청동) 1층,35.1940536611062,128.801520943535
동대문역점,"서울 종로구 종로 293 (창신동, 하나저축은행), 1층",37.5718648438084,127.01049788759
안산중앙점,"경기 안산시 단원구 예술대학로 17 (고잔동, 안산중앙노블레스) 1층",37.3187208452493,126.836516628745
롯데마트광주월드컵점,광주 서구 풍암동 423-2,35.1333418201427,126.877875272889
성남신흥점,경기 성남시 수정구 신흥동 5493-1,37.4438111231502,127.142274158672
용인죽전점,경기 용인시 수지구 죽전동 1189-3,37.3319722779433,127.125098247749
다대포점,"부산 사하구 다대로 704-1 (다대동, 몰운대종합시장상가), 103호",35.0488506933511,128.964795885824
범어사역점,부산 금정구 팔송로 12 (남산동) 지하 1층,35.2722721969983,129.091160178557
진해자은점,"경남 창원시 진해구 진해대로 999 (자은동, 하이존), 103호",35.14026420909,128.707813776626
전남대점,광주 북구 우치로 120 (용봉동),35.178098314718,126.912360468132
영천점,경북 영천시 시장로 41-1 (완산동),35.963519021355,128.934858125489
장림점,부산 사하구 장림번영로 23 (장림동),35.081283356191,128.968050346204
거제장평점,경남 거제시 장평로 33 (장평동),34.8909810924418,128.613668810826
판교하이펙스점,경기 성남시 분당구 삼평동 679 B동 109호,37.4012892838182,127.110443969152
의정부중앙점,경기 의정부시 의정부동 194-8,37.7401305730082,127.048606728668
울산달동점,울산 남구 신정로 27 (달동) 1층,35.5343552509539,129.32226612609
안산한대앞점,경기 안산시 상록구 이동 717,37.3073481498029,126.850533685537
신림점,서울 관악구 신림동 1424-11,37.486128341044,126.929734021274
증산점,"경남 양산시 물금읍 새실로 159 (가촌리, 나래메트로시티) C동 109호,110호",35.3152963760351,129.004387325054
울산일산점,울산 동구 번덕로 4 (일산동),35.4994354740314,129.427877746592
울산반구점,"울산 중구 서원5길 2 (반구동), 1층",35.5626974748265,129.337076481022
롯데마트대구율하점,"대구 동구 안심로 80 (율하동, 롯데쇼핑프라자) 지하 1층",35.8684630267062,128.693330946688
롯데마트통영점,"경남 통영시 무전대로 65 (무전동, 롯데마트), 1층",34.860578142666,128.428237605428
팔용점,"경남 창원시 의창구 팔용로 429 (팔용동, 팔용프라자) 1층",35.2549982732568,128.612419236421
마산내서점,"경남 창원시 마산회원구 내서읍 삼계4길 9 (삼계리, 현대빌딩), 101호",35.2326437036578,128.503651451897
진주하대점,"경남 진주시 도동로 225 (하대동), 1층",35.1904565270643,128.121864685831
창원대방점,"경남 창원시 성산구 가양로124번길 23 (대방동, 크리스탈빌딩), 104호",35.2072684055292,128.707630052548
용인수지점,경기 용인시 수지구 풍덕천동 1082-3,37.3214248512539,127.094894710587
강원대점,강원 춘천시 효자동 627-9,37.873139366636,127.743249086903
포항죽도점,"경북 포항시 북구 중흥로 329 (죽도동), 1층",36.0314522160002,129.364666748859
포항문덕점,"경북 포항시 남구 오천읍 원동로 45 (원리), 1층 101호",35.9671203618656,129.402549326852
화봉점,"울산 북구 화산로 19 (화봉동, 화봉휴먼시아아파트) 상가동 103호",35.5942417528026,129.365302207194
상모점,"경북 구미시 상사서로 55 (상모동, 상모프라자) 1층",36.0874179075099,128.355040910013
포항이동점,"경북 포항시 남구 포스코대로 127 (이동), 1층",36.02602427289,129.339927388926
동성로점,대구 중구 중앙대로 412-16 (사일동) 1층,35.8697615267782,128.59477090723
울산신정점,울산 남구 중앙로 240 (신정동),35.5424313361454,129.311519602081
원주단계점,강원 원주시 단계동 1119-3  106호,37.3474892538922,127.926953091172
서창점,경남 양산시 서창로 163 (삼호동) 1층,35.4145021692759,129.170367926639
정관점,"부산 기장군 정관읍 정관7로 3 (매학리, 광장아울렛) 1층",35.3223947457244,129.175946815029
합성점,경남 창원시 마산회원구 양덕북4길 17 (합성동) 1층 101호,35.2371400652029,128.582969004947
롯데마트진해점,"경남 창원시 진해구 진해대로 762 (석동, 롯데마트) 롯데마트 2층",35.1581646243334,128.698757554273
진주금산점,경남 진주시 금산면 중천로 84 (장사리) 1층,35.2174030331074,128.146057454067
구미원평점,"경북 구미시 문화로 33 (원평동), 1층",36.1286223667737,128.334841328645
반여점,부산 해운대구 선수촌로 101-1 (반여동),35.2028774179842,129.119270734328
태종대점,부산 영도구 태종로 761 (동삼동)  2층,35.0684433919908,129.080905599701
창원상남점,"경남 창원시 성산구 마디미로15번길 3 (상남동, 대신빌딩) 1층",35.2228641479288,128.685300198774
부전역점,"부산 부산진구 동천로 134 (전포동, 삼정코아) 1층",35.1608138794691,129.062588034163
진주과기대점,경남 진주시 진주대로 868 (칠암동) 1층,35.1780527008045,128.091993490274
덕천점,부산 북구 백양대로 1200 (덕천동) 1층,35.2093620985423,129.005821934833
가톨릭대점,부산 금정구 오륜대로 43 (부곡동),35.2431344352589,129.0962951484
개금백병원점,부산 부산진구 복지로 64 (개금동) 1층,35.1476100025122,129.019979518935
동삼점,"부산 영도구 와치로 252 (동삼동, 선프라자)",35.0753495681978,129.069002708111
용호점,부산 남구 동명로 133 (용호동),35.1198725494941,129.111566052449
동서대점,부산 사상구 주례로 82 (주례동),35.1466137102554,129.007504506884
연산점,부산 연제구 중앙대로 1110 (연산동),35.1867579676873,129.081879032974
양정점,"부산 부산진구 양지로 8 (양정동), 1층",35.1695801343323,129.0695259257
동의대점,부산 부산진구 엄광로 174 (가야동 459-16),35.1475662225607,129.0334641142
인제대점,"경남 김해시 인제로200번길 11 (삼방동), 1층 101호",35.2465508365652,128.905232083148
계명대점,"대구 달서구 계대동문로3길 19 (신당동), 1층",35.8565686165543,128.494010832743
주례점,"부산 사상구 가야대로366번길 46 (주례동), 1층",35.1490410129611,129.012696167429
동아대점,부산 사하구 하단동 494-3 에덴아파트 상가제 1층 제 10호,35.1129141667587,128.966193993442
